title,author
Golden Chronicles Frost Ocean Forgotten Handbook,Sarah Clark
Frost Inheritance Iron Core Dark Destiny,Barbara Parker
Silver Chronicles,Brenda Gomez
Steel Kernel Shattered Expedition Iron Desert,James Green
Cold Story Midnight Sanctuary Rising Tale,Susan White
Crimson Ballad Serpent Legend,Nicole Ortiz
Wind Canvas,Jonathan Young
Silent Coast Eagle Epopee,Pamela Roberts
Eternal Requiem Shadow Guidebook Wolf Island,David Reyes
Last Desert,Ryan Sanders
First Fable,Anthony Morgan
Storm Exodus Stone Revelation Fire Compendium,Christopher Graham
Midnight Primer Storm Enigma,Jerry Anderson
Tiger Reckoning,Kenneth Perry
Eternal Dictionary Wind Riddle,Margaret Dixon
Bear Canvas Sacred Garden,Sarah Murphy
Storm Garden Frost Compass Fox Cipher,George Cruz
Silver Theorem,Barbara Gonzalez
Sacred Fortress,Diane Henderson
Eternal Matrix Last Symphony Blood Omnibus,Stephen Williams
Wind Asylum Storm Forest Wolf Story,Joseph Ramos
Bitter Trail The Garden,Nicholas Rivera
Crimson Horizon Eagle Calculus Stone Treatise,Karen Myers
Fire Odyssey,Scott Chavez
A Reckoning First Maze,Donald Anderson
Bear Revelation,David Harvey
Raven Legacy,Thomas Bryant
Bitter Garden Blood Core Rising Companion,Carolyn Richardson
Shadow Paradigm Bright Passage,Jessica Murphy
Eternal Tale,John Grant
Iron Primer,James Jackson
Iron Labyrinth Shattered Fortress Fox Reckoning,Kevin Jackson
Forgotten Desert Shadow Finale Rising Prophecy,Patrick Hudson
Iron Compendium Dragon Nocturne Phoenix Interface,Matthew Harris
Shadow Voyage,Amanda Henderson
Steel Enigma Storm Haven,Linda Russell
Secret Crusade Forgotten Memoir Falling Expedition,Sarah Henderson
Midnight Palette,Ashley Martin
Phoenix Haven Lost Prophecy,Barbara Stewart
Deep Finale,Kathleen Diaz
Fox Labyrinth Bitter Network,James Jimenez
Dragon Trail Hollow Core,Rachel Stone
Fire Finale Sacred Journal Hollow Encyclopedia,Linda Adams
Fire Labyrinth Frost Riddle Lost Paradox,Justin Alexander
Serpent Fortress Lost Geometry Silent Diary,William Moore
Lion Textbook Wild Chronicle Bear Anthology,Justin Hernandez
Silent Kernel Shadow Riddle Ancient Atlas,Christine Watson
Ancient Signal,Thomas Kim
Burning Exodus The Canvas,Helen Dunn
Eternal Dictionary,Nicholas Ortiz
Final Fortress,Ashley Patel
Bitter Pilgrimage Eagle Labyrinth,Brandon Robertson
Shadow Horizon,Raymond Clark
Ancient Asylum,Susan Grant
Midnight River,Nicole Turner
Secret Atlas Storm Garden Silver Equation,Steven Wilson
Iron Core,Emily Lopez
Secret Prophecy,Samantha Ortiz
Frost Quest,Stephen Barnes
The Reckoning Eternal Labyrinth Fire Awakening,Melissa Grant
Cold Legacy,Jennifer Ward
Fox Convergence Fox Ballad,Anthony Murphy
Crimson Fable Wolf Interface Glass Sanctuary,Donald Adams
Bear Module,Patricia Rivera
Secret Module Phoenix Anthology Midnight Fortress,Tyler Ramirez
Lion Awakening Serpent Sonata,Mark Phillips
Final Maze Tiger Guidebook,Mark Miller
Falling Cipher Secret Desert Lion Fortress,Jerry Bailey
Steel Geometry Wild Chronicle,Patricia Robinson
Broken Garden Dark Crusade,Scott Fisher
Wind Riddle Cold Geometry,Joseph Foster
Falling Collection Dark Journey The Treatise,George Gonzales
Shadow Chronicle,Helen Watson
Serpent Odyssey Wind Horizon Silver Puzzle,Christine Sullivan
Wild Coast Storm Legacy,Matthew Butler
Last Covenant Glass Labyrinth Wild Odyssey,Joshua Kelly
Cold Secret,Cynthia Simmons
Storm Dictionary Silver Nocturne,Diane Baker
Silent River Silver Saga Silent Textbook,Gregory Richardson
Phoenix Treatise,Charles Miller
Forgotten Nocturne,Brandon Jackson
Deep Memoir Fire Matrix,Amy Perry
Sacred Chronicle,Dennis Ramirez
Shattered Manuscript Phoenix Palette,Michael Stone
Serpent Odyssey,Ryan Wright
Shadow Mystery Raven Quest,Brandon Reeves
Eagle Expedition Fox Fortress,Catherine Bryant
Ancient Anthology Eagle Ocean,Jerry Holmes
Iron Reader Midnight Pilgrimage,Elizabeth Kelly
Midnight Saga,Kenneth Daniels
Hidden Labyrinth,Sandra Foster
Sacred Dictionary Eternal Engine Deep Chronicle,Anna Wallace
Lost Atlas Eagle Kernel,Deborah Garcia
Last Prelude The Fable Frozen System,Rebecca Black
Frost Primer Shadow Primer Midnight Journey,Gary Davis
Secret Protocol Wind Genesis,Cynthia Allen
Fire Chronicles Wild Chronicles Silent Compass,Sarah Graham
Lost Library,Timothy Wood
Steel Enigma,Carol Ross
Raven Kernel Ancient Revelation,Jacob Jones
Fire Enigma Final Handbook Steel Fortress,Heather Hernandez
Forgotten Companion,John Flores
Hidden Nocturne,Christine Robinson
Rising Symphony Blood Collection Wolf Framework,Lisa Robinson
Frozen Crusade,Justin Miller
Wind Algorithm Wild Treatise,Elizabeth Morales
Blood Labyrinth,Debra Walker
Dragon Convergence Final Compass Shadow Framework,William Reeves
Secret Prophecy Serpent Kernel Tiger Equation,Susan Gonzales
Iron Canvas Fire Sanctuary,Sharon Rivera
Blood Mountain Glass Overture Steel Journey,Janet Morgan
Serpent Compendium Eagle Inheritance,Emily Jordan
Raven Palette,Larry Ross
A Theorem Serpent Enigma,Nancy Harvey
Final Library,Carol Bailey
Blood Ocean Storm Legacy Blood Journal,David Morris
Deep Equation Storm Reader Blood Nocturne,Samuel Marshall
Dragon Kingdom Silent Coast,Mark Russell
Forgotten Maze Shadow Framework Iron Legend,Jason Mills
Final Trail Midnight Maze,Steven Reyes
Wind Memoir,Kenneth Walker
Fire Diary Falling Encyclopedia Frost Overture,Emily Rice
Hollow Haven Eagle Memoir Hollow Guidebook,George Rivera
The Legacy Midnight Requiem,Michael Grant
Blood Legacy Iron Equation,Susan Brown
Hollow Sonata Iron Pilgrimage Secret Diary,Michael Cook
Golden Sanctuary Wild Equation,Elizabeth Spencer
Storm Enigma Sacred Labyrinth Phoenix Labyrinth,David Murphy
Storm Engine,Nicole Edwards
Last Passage Bright Horizon Lion Compass,Michelle Perkins
Lost Haven Raven Almanac Iron Dictionary,Kimberly Lee
Forgotten Covenant,Stephen Martin
The Interface,Laura Gibson
Dark Workbook Hollow River,Rachel Reynolds
Storm Workbook,Kimberly Gomez
Golden Handbook Steel Labyrinth,Paul Torres
Lost Genesis,Diane Ward
Frost Valley Bright Odyssey Steel Labyrinth,Rachel Russell
Silver Theorem Bright Revelation,Scott Hernandez
Frost Secret Stone Omnibus,Patricia White
Storm Empire,Maria Morgan
Dark Covenant Iron Quest Midnight Notebook,Justin Fisher
Tiger Equation Silent Sonata Final Interface,Kevin Chavez
Crimson Exodus Secret Module Blood Theorem,Andrew Perry
Dark Trail Silent Riddle Ancient Secret,Joseph Russell
Tiger Odyssey Shadow Palette Deep Enigma,Matthew Shaw
Glass Hypothesis Iron Quest,Maria Wilson
Midnight Prophecy,Andrew Vasquez
Shadow Odyssey A Reader Fire Fortress,Michelle Grant
Storm Interface,Barbara Edwards
Steel Chronicle,Samuel Flores
Fire Island Silver Mountain,Rebecca Tucker
Forgotten Trail Storm Enigma,Deborah Carter
Silver Destiny Lion Fortress Midnight Engine,Carol Reeves
Tiger Odyssey Hollow Horizon,Emma Adams
Shadow Labyrinth Bright Overture Final Saga,Stephen Palmer
Steel Secret Lion Journal,Rachel Morris
Last Workbook Serpent Module Dark Mystery,Catherine Bryant
Phoenix Network Last Labyrinth Shadow Awakening,Thomas Ramos
Secret Haven Lion Pilgrimage Crimson Trail,Mary Torres
Lion Sanctuary Eternal Sonata,Tyler Ortiz
Glass Signal Steel Revelation,Kevin Hunt
Burning Finale Lion Awakening,Helen Moore
Iron Valley,Sandra White
Crimson Haven Bright Genesis,Frank Kim
Dark Enigma,Diane Anderson
Final Paradigm Cold Enigma,Ashley Robertson
Wind Notebook Bitter Covenant,David Ross
Storm Reader Shadow Paradox Shattered Palette,Samantha Rogers
Ancient Legacy Fox Symphony,Andrew Palmer
Eternal Quest,Brian Kim
Cold Omnibus Steel Labyrinth Falling Matrix,Kathleen Ramirez
Last Ballad,Pamela Ramos
Hollow Empire Eagle Signal Midnight Legacy,Larry Gonzalez
Frost Hypothesis Eagle Valley Wolf Guidebook,Nicole Price
Iron Journal,Helen Cook
Raven Requiem Iron Asylum Fox Convergence,Michelle Vasquez
Iron Protocol,Janet King
Hollow Enigma,Catherine Coleman
Falling Prophecy,Tyler Daniels
Blood Analysis Midnight Genesis,Steven Tucker
Frost Tale Phoenix Asylum,Cynthia Martin
Raven Handbook,Gregory Jenkins
First Dominion Dragon Signal The Garden,Jonathan Young
First Garden Iron Network,Samantha Myers
Storm Workbook,Jacob Miller
Bear Enigma Glass Primer Steel Sanctuary,Samantha Graham
Frozen Interface Golden Requiem Dark Awakening,Joshua Hunt
Crimson Textbook,Jonathan Wright
Steel Framework Shadow Kernel,Emma Flores
Steel Haven Eagle Equation,Brandon Sullivan
Dark Framework Rising Quest,Jeffrey Stewart
Crimson Framework Fire Ballad,Linda Jenkins
Falling Odyssey Serpent Trail,Barbara Diaz
Iron Empire Lost Saga Forgotten Legacy,Tyler Dunn
Eternal Almanac,Emma Parker
Secret Enigma,Tyler Smith
Serpent Enigma Hidden Omnibus,Daniel Lewis
Lion Chronicles Hidden Prophecy Final Textbook,Emma Chavez
Broken Garden,Michael Allen
Deep Asylum Frost Sanctuary Iron Expedition,Heather Castillo
Iron Crusade Bright Analysis Shattered Requiem,Janet Holmes
Steel Destiny Lost Prelude,Stephanie Barnes
Crimson Equation Fire Quest Eternal Revelation,Dorothy Nguyen
Hidden Ocean,Helen Mills
Burning Network Stone Coast Steel Calculus,Nicole Gonzales
Dragon Asylum,Katherine Grant
Lion Encyclopedia Cold Passage Bear Guidebook,Edward Gray
Wild Engine Wind Asylum,Kenneth Barnes
Shadow Collection First Sanctuary,Debra Bryant
Silent Insurrection,Barbara Gonzales
Frost Paradigm,Thomas Stone
Iron Chronicle,Christine Young
Final Core Lion Enigma,Andrew Richardson
Crimson Calculus Rising Sanctuary,Raymond Tucker
Serpent Crusade,Brian Stone
Golden Desert Wind Handbook,Jason Hawkins
Glass Chronicles Stone Forest A Notebook,Paul Richardson
Final Chronicle Broken Paradox,Larry Perry
Sacred Destiny,Barbara Robertson
Last Kernel,Ryan Mendoza
First Puzzle,Patrick Wood
Stone Insurrection Bear Enigma Sacred Fortress,Dennis Gonzalez
Silent Mountain Bright Core Shadow Quest,Rebecca Cooper
Raven Theory,Joseph Ruiz
Golden River Storm Finale,Shirley Ward
Shattered Signal,Scott Anderson
Rising Labyrinth,Margaret Scott
Hollow Enigma Golden Chronicle,Amy Gonzales
Hidden Network,Jonathan Collins
Storm Fable Eternal Signal Lion Convergence,Sharon Jones
Eternal Riddle Wind Compass,Pamela Russell
Iron Engine Hollow Asylum Wild Empire,Dorothy Baker
Steel Epopee Silent Journey Serpent Crusade,Ashley Fisher
Wild Revelation Wild Puzzle Frost Tale,Mark Bennett
Eternal Geometry,Samantha Robinson
Silver Memoir Fox Myth Final Enigma,Donald Clark
Ancient Treatise,Daniel Flores
Eternal Manuscript Wolf Theorem Steel Expedition,Debra Dunn
Iron Secret Lion Riddle Sacred Pilgrimage,William Gibson
Iron Labyrinth Dragon Ocean,Emma Anderson
Silver Exodus Frozen Palette,Laura Martinez
First Valley,Elizabeth White
Stone Calculus Last Palette Iron Convergence,Laura Hudson
Falling Secret Stone Nocturne Silver Labyrinth,Linda Jordan
Phoenix Story,Carolyn Perez
Steel Covenant Dark Anthology Fire Pilgrimage,Jeffrey Rice
Glass Fortress First Paradigm Hollow System,Edward Gray
Stone Enigma Dragon Saga Eternal Chronicle,Richard Stone
Last River Ancient Labyrinth Secret Revelation,Justin Torres
Frozen Code Hidden Insurrection,Michelle Hawkins
Steel Chronicle Tiger Legacy,Christine Rice
Steel Core,Angela Castillo
First Puzzle,Nancy Diaz
Wolf Finale Falling Handbook,Sarah Flores
Hollow Haven,Nicholas Daniels
Bear Awakening Shadow Tale Bear Prophecy,Scott Long
Bitter Notebook,Frank Nelson
Bright Requiem Deep Protocol Storm Textbook,Jeffrey Reed
Dragon Expedition Shattered Reader Frozen Sonata,Matthew Patel
Wind Pilgrimage Steel River Wolf Network,Nicholas Robertson
Bitter Companion Phoenix Requiem,Steven Wilson
Iron Paradigm Storm Uprising Fire Odyssey,Andrew Perez
Midnight Passage,Angela Nguyen
Silent Primer Tiger Passage,Brian Miller
Lost Signal Silver Paradigm,Donald Foster
First Handbook,Patricia Brooks
Eagle Saga,Diane Nguyen
Dark Valley,Jacob Scott
Iron Expedition Glass Chronicle Fox Revelation,John Rogers
Eagle Labyrinth,Stephen Robertson
Golden Valley Forgotten Labyrinth,Jessica Gonzalez
Deep Canvas,William Lewis
Stone Kingdom Iron Theory,Pamela Morris
Sacred Island Cold Odyssey Glass Fable,Donald Hudson
Broken Insurrection Blood Epopee,William Rice
Silver Calculus Storm Empire Last Sonata,Jennifer Jimenez
Ancient Kingdom Final Fortress,Brian Morris
Shadow Uprising Wolf Saga Hidden Requiem,Amanda Palmer
Tiger Covenant Eagle Palette,Rachel Alexander
Broken Destiny Eternal Canvas Dark Coast,Betty Lopez
Bear Convergence,Kenneth Richardson
Wild Nocturne Ancient Awakening Raven Journal,Andrew Alvarez
Lion Chronicle,Paul Young
Cold Cipher Frost Pilgrimage,Deborah Gray
Shadow Hypothesis,Melissa Shaw
Phoenix Insurrection Wind Core,David Gonzales
Tiger Notebook Fire Coast Burning Uprising,David Wood
Hollow Maze Bright Compass Bitter Quest,Brian Patterson
Wind Fable,Brandon Fisher
Iron Covenant Eternal Protocol,George Gordon
Storm Fortress A Paradox Serpent Pilgrimage,Robert Allen
Forgotten Protocol,George Foster
Dark Sanctuary Storm Passage First Paradigm,Jeffrey Martin
Hidden Protocol Wild Riddle Steel Desert,Ashley Robinson
Frost Diary,Amy Shaw
Storm Chronicle Ancient Library,Alexander Patterson
Glass Valley,Frank Marshall
Golden Destiny,Elizabeth Jordan
Fox Quest,Barbara Brooks
Final Sanctuary Storm Island Fox Horizon,Christopher Hall
Silver Handbook Golden Companion,Diane Scott
Dragon Theorem,Patricia Castillo
Wind Framework Steel Prophecy Glass Inheritance,William Richardson
Fire Prelude Blood Module,Jerry Sullivan
Eternal Legacy Burning Exodus Bright Symphony,Debra Shaw
Hidden Notebook Wolf Prophecy,Sharon Ramos
Eagle Odyssey,Eric Flores
Bitter Exodus Burning Handbook,Brian Shaw
Serpent Revelation Ancient Treatise,Samantha Grant
Hidden Labyrinth Glass Dominion,Nicholas Baker
Iron Sanctuary Bitter Tale Eagle Convergence,Patricia Lee
Steel Garden,Katherine Turner
Deep Destiny Shadow Island Steel Labyrinth,Kathleen Morales
Wild Horizon Steel Exodus Blood Labyrinth,Christopher Vasquez
Iron Palette Rising Story,Nicole Torres
Lion Mystery Wind Legend,Stephanie King
Silver Crusade Burning Reader,Cynthia Young
Bright Anthology Sacred Asylum,Michael Howard
Lion Kernel Forgotten Fortress,Dorothy Spencer
Burning Journal Raven Fortress Shadow Theory,Cynthia Dixon
Shadow Empire Silent Code,Nicholas Hamilton
Rising Fable,Michael Gonzalez
Shadow Sonata Hollow Legacy,Susan Gonzales
Bear Garden,Janet Sanders
First Requiem Wild Enigma,Larry Hawkins
First Valley,Elizabeth Foster
Bright Desert Tiger Chronicle Hidden Asylum,Ronald Myers
Storm Protocol Raven Paradox,Betty Burns
Silver Convergence Dark Awakening,Sarah Bennett
Blood Trail Sacred Theory,Sarah Wood
Burning Exodus Wild Horizon Iron Tale,Nicholas Burns
Shadow Horizon Iron Kingdom First Chronicle,Gregory Lewis
Iron Maze Dragon Chronicles,Scott Bryant
Steel Guidebook Wind Enigma,Justin Alexander
Blood Network,Charles Morales
Wind Reckoning,Matthew Jones
Burning Kernel Sacred Module,Frank Evans
Silver Sonata Lion Labyrinth,Alexander Scott
Rising Enigma Shadow Prelude Blood Algorithm,Kenneth Hall
Fire Story Fire Fable,Gregory Ortiz
Iron Memoir Forgotten Desert Storm Horizon,Mark Kim
Fire Almanac Blood Equation,Kenneth Alexander
Storm Ocean Hollow Odyssey,Pamela Palmer
Fox Signal Tiger Legend,Jerry Nguyen
Dark Valley Fire Revelation,Brian Simmons
Ancient Prelude Rising Companion Tiger Mountain,Brenda Cooper
Crimson Reader,Ashley Gonzalez
Fox Handbook Iron Workbook Lost Haven,Edward James
Iron Haven Storm Requiem The Fortress,Edward Bryant
Steel Companion Raven Valley,Dorothy Kelly
Lost Inheritance Steel Workbook Fire Awakening,Daniel Coleman
Dark Signal,Tyler Hunt
Frost Island,Robert Williams
Wind Crusade Secret River,Ryan Palmer
Shadow Destiny Serpent Calculus Steel Mountain,Matthew Lewis
Bitter Canvas Steel Collection,Carolyn Mitchell
Frost Tale,Diane Ramos
Storm Memoir Broken Protocol Tiger Compass,Angela Wood
Wild Asylum,Nancy Scott
Burning Anthology The Library,Deborah Stewart
Raven Forest Secret Labyrinth,Justin Hudson
Ancient Epopee,Frank Stewart
Shadow Chronicle,Cynthia Ward
Wild Analysis,Alexander Richardson
Golden Coast First Primer Shattered Destiny,Kathleen Flores
Frost Paradigm Deep Sonata,Dennis Black
Tiger Encyclopedia Raven Anthology Storm Revelation,Shirley Patterson
Fire Epopee Eternal Reckoning Lost Calculus,Betty Hudson
Sacred Genesis Burning Quest Golden Atlas,Carolyn Marshall
Fox Geometry,Laura Anderson
Hidden Theory Deep Trail,Larry Anderson
Steel Maze Wind Empire Wild Collection,James Parker
Eternal Requiem Cold Legend Blood Sanctuary,Anna Thomas
Iron Reckoning,Andrew Sullivan
Wolf Destiny,Jerry Butler
Fox Network Bright Algorithm,Timothy Lee
Shadow Destiny Steel Myth Golden Manuscript,Jonathan Powell
Hidden Handbook Eagle Odyssey Raven Empire,Joshua Graham
Wind Core Fire Network Tiger Guidebook,Ashley Hamilton
Sacred Ocean Falling Reckoning,Robert Butler
Wolf Kingdom Forgotten Atlas Eternal Haven,Scott Rodriguez
Stone Paradox Forgotten Requiem,Stephanie Vasquez
Fire Encyclopedia,Dennis Anderson
Silver Island,Sandra Spencer
Wind Secret Forgotten Labyrinth,Charles Holmes
Deep Horizon,Emily Thomas
Iron Covenant Iron Compass Storm Theorem,Michael Ruiz
Shadow Network Dragon Mystery Blood Engine,Edward Hill
Last Diary Raven Nocturne,Donald Edwards
Serpent Paradox Phoenix Palette,Linda Hawkins
Deep Destiny Last Compendium,Steven Evans
Steel Revelation Bright Framework,Barbara Black
Eagle Journal Lost Forest Last Convergence,Elizabeth Carter
Wind Encyclopedia Iron Almanac Lion Saga,Joshua Brown
Falling Chronicle,Catherine Alexander
Blood Atlas,Ronald Morris
Burning River Last Symphony Fire Ballad,Michelle Gutierrez
Silver Hypothesis Steel Haven,Patrick Gibson
Rising Framework Burning Module,Jennifer Dunn
Frost Enigma,John Gutierrez
Iron Engine Hollow Sanctuary Falling Chronicle,Sandra Ross
Eagle Compendium Shadow Tale Ancient Equation,Patrick Marshall
Bitter Fable Bitter Requiem,Patrick Palmer
Broken Labyrinth Blood Reckoning,Elizabeth Gonzalez
Deep Requiem,Benjamin Reyes
Fire Labyrinth,Mary Parker
Steel Paradigm Lost Overture Shadow Finale,John Johnson
Storm Module The Kingdom Blood Ocean,Jonathan Kelly
Silver Voyage,Daniel Ramirez
Blood Labyrinth,Donald Roberts
Blood Omnibus Tiger Fable Midnight Signal,David Myers
Steel Compendium Blood Handbook,Joshua Lee
Serpent Reckoning Silent Protocol Last Algorithm,Stephen Bryant
Iron Legacy,Rachel Baker
Shadow Journey,Samuel James
Serpent Asylum Fox Convergence Shattered Dictionary,Frank Perkins
Midnight Requiem Eternal Desert,Anna Dunn
Dark Manuscript Serpent Riddle A Almanac,Emma Torres
Tiger Signal Eternal Horizon Bitter Reader,Larry Jimenez
Fox Chronicle Last Requiem Dragon Revelation,Nicholas Ruiz
Crimson Journey,Sandra Martin
Stone Signal Wolf Enigma,Patricia Cooper
Shadow Guidebook Final Algorithm,Sharon Mitchell
Iron Network Silent Coast Phoenix Anthology,Carolyn Jackson
Midnight Sanctuary,Timothy Flores
Last Mystery First Crusade Silent Chronicle,Michelle Simmons
Raven Mountain Crimson Prophecy,Barbara Mitchell
Bright Theory Deep Uprising,Patricia Thompson
Storm Dominion Stone Enigma,Deborah Brown
Deep System Wolf Insurrection,Patrick Hawkins
Wind Revelation,Debra Ross
Hidden Forest,Joshua Morgan
Sacred Sanctuary Bitter Journey,Emily Butler
Iron Genesis First Omnibus,Ashley Hunt
Glass Treatise Steel Crusade Hidden Labyrinth,James Jenkins
Eagle Network Phoenix Chronicle,Jeffrey Bennett
Tiger Destiny Frozen Secret,Nicole Phillips
Burning Manuscript Wild Mystery,Donna Marshall
Dragon Compendium Burning Algorithm Midnight Code,George Robinson
Falling Notebook Storm Chronicles Wind Palette,Alexander Turner
Phoenix Island Eagle Fortress,Diane Sullivan
Shadow Requiem Iron Labyrinth Forgotten Omnibus,Raymond Flores
Cold Algorithm Eternal Expedition Stone Prelude,Justin Perry
Silver Kernel Fire Awakening Dragon Epopee,Rachel Black
Iron Insurrection Crimson Anthology Shadow Fable,Lisa Lopez
Steel Cipher Raven Chronicle Dragon Voyage,Susan Williams
Ancient Primer,Angela Shaw
Iron Primer Bright Paradigm Wild Palette,Jerry Ramos
Final Chronicles,Kathleen Clark
Deep Insurrection Golden Paradox,Brian Richardson
Steel Atlas Blood Overture,Brian Bryant
Bright Passage,Kenneth Moore
Dark Asylum A Story,Samuel Ramirez
Phoenix Genesis Frost Compendium Blood Covenant,Stephen Green
Storm Compass Steel Workbook,Stephanie Mitchell
Iron Voyage,Ronald Davis
Glass Treatise Bright Compass Last Chronicle,Alexander Diaz
Midnight Sanctuary,Pamela Clark
Broken Protocol Burning Treatise Steel Asylum,Kimberly Marshall
Iron Riddle Stone System Glass Code,Emma Robinson
Final Canvas Glass Covenant,Gregory Kim
Iron Insurrection Storm Destiny Burning Chronicle,Donald Ward
Broken Paradigm,Frank Torres
Last Kernel Stone Requiem Wind Matrix,Jason Mitchell
Iron Covenant Storm Genesis,Gary Kelly
Broken Riddle,Laura Wilson
The Finale Hidden Memoir,Deborah Hawkins
Steel Theorem Deep Equation Deep Quest,Gary Nelson
Wind Destiny,Diane Cruz
Dark Ocean Shattered Valley,Lisa Hamilton
Frost Theorem Storm Geometry Golden Asylum,Paul Palmer
Fire Convergence Raven Pilgrimage,Anna Parker
Crimson Anthology Frozen Reckoning,Laura Ortiz
Lion Inheritance Bright Chronicle,Heather Stewart
Phoenix Myth,Alexander Barnes
Glass Requiem,Tyler Evans
Phoenix Labyrinth,Larry Hughes
Midnight Revelation Burning Island Hollow Forest,Angela Harris
Raven Module,Linda Peterson
Hidden Prophecy Forgotten Enigma Fire Secret,Ashley Powell
Sacred Forest Iron Engine,Timothy Jordan
Iron Dominion,Stephanie Gordon
Midnight Framework Steel Finale Burning Odyssey,Heather White
Steel Ballad Serpent Sanctuary Dragon Signal,Margaret Barnes
Shadow Forest,Dorothy Reed
Storm Prophecy Wind Finale,Tyler Mendoza
Raven Paradox Dark Haven Iron Canvas,John Young
Bright Trail,James Barnes
Blood Prophecy,Katherine Cox
Lion Ocean,Barbara Castillo
Silent Paradigm Shadow Genesis,Michael Jenkins
Frozen Workbook Cold Dominion Fire Asylum,James Diaz
Eternal Prophecy Iron Handbook,Eric Simmons
The Story,Jessica Henderson
Hidden Prelude Eternal Guidebook Last Inheritance,Janet Clark
Burning Framework,Joshua Scott
Wolf Destiny Steel Paradox,William Robertson
The Genesis Bright Myth Wind Dictionary,Benjamin Hill
Glass Quest Lion Encyclopedia,Barbara Sanchez
Raven Odyssey,Emma Foster
Cold Riddle Dragon Requiem,Ashley Peterson
Silent Anthology Storm River Wolf Chronicles,Raymond Cox
Blood Geometry,Matthew Powell
Steel Enigma Dragon Reader,Amy Foster
Forgotten Hypothesis,Samantha Jackson
Bear Prophecy First Mystery Hidden System,Larry Butler
Fire Covenant Raven Sonata,Jerry Jackson
Iron Fortress,Mary Ortiz
Dark Labyrinth,Diane Jenkins
Hollow Analysis Wolf Engine Cold Cipher,David Black
Glass Sanctuary Midnight Insurrection Frozen Revelation,Angela Evans
Fire Enigma,Ronald Taylor
Blood Journey Wind Reader,Linda Morales
Cold Asylum,Ryan Anderson
Shadow Covenant Golden Prophecy,Alexander Scott
The Exodus Shadow Legend Blood Library,Lisa Myers
Frost Forest,Janet Walker
Secret Compass,Paul Rice
Ancient Genesis,Amy Reynolds
First Covenant Shadow Genesis First Fortress,Steven Clark
Storm Asylum Shattered Geometry The Requiem,Mary Morales
Iron Protocol,Deborah Hill
Serpent Awakening,Stephen Butler
Burning Anthology,Rebecca Brooks
Tiger Genesis Wind Paradigm,Jessica Ramos
Fox Enigma Broken Handbook Phoenix Requiem,Stephanie Moore
Lion River Wolf Puzzle,Dorothy Thompson
Steel Legacy First Companion Hollow Labyrinth,Jack Morales
First Theorem Wolf Treatise,Janet Palmer
Sacred Chronicle,Edward Miller
Fire Legend,Samantha Williams
The Algorithm Serpent Maze,Susan Evans
Forgotten Kernel Shadow Labyrinth Sacred Desert,Barbara Lopez
Fox Module,Rachel Myers
Frost Insurrection Iron Asylum,Nicholas Wright
Tiger Code Eternal Labyrinth Cold Prophecy,Donald Howard
Serpent Riddle Phoenix Code,Rachel Wood
Bright Mountain Shattered Genesis,Betty Wright
Crimson Sanctuary Crimson Genesis Bright Symphony,Kenneth Sullivan
Fire Ballad,Jerry Turner
Frozen Palette Ancient Chronicle,Barbara Green
Frozen Convergence Rising Enigma Sacred Dominion,Carolyn Murphy
Wild Theory Lost Horizon,Kimberly Hall
Wild Passage,Brenda Mills
Crimson Palette,Susan Scott
The Labyrinth,Heather Cruz
Falling Cipher,Melissa Perez
Iron Library Tiger Genesis A Sanctuary,Betty Simmons
Silent Chronicle,Jessica Hernandez
Lost Revelation Wind Voyage,Patrick Jenkins
A Network Storm Compass,Daniel Price
Broken Ocean,Emily Patterson
Dark Compendium,Samuel Ramos
Deep Prelude Lost Inheritance,Emily Foster
Deep Companion,Samuel Rice
Iron Kingdom,Timothy Alvarez
Fire Finale Final Analysis,Dorothy Jimenez
Broken Chronicles Burning Primer,Patricia Bailey
Phoenix Sonata,Shirley Alvarez
Shattered Fortress Crimson Anthology Shadow Reader,Paul Hunt
Lost Primer Wind System Final Covenant,Daniel Stewart
Burning Ballad Iron Destiny Fire Fable,Larry Dunn
Wind Journal,Amy Daniels
Broken Equation Dark Dominion,Linda Reyes
Shattered Empire Blood Prelude The Chronicle,Brandon Phillips
Secret Manuscript,Dorothy Thomas
Sacred Paradox,Heather Lewis
Lion Protocol Eternal Paradigm Fire Signal,Emma Sanchez
Frozen Secret Hidden Fortress,Janet Fisher
Shadow Mystery Broken Ballad Shattered Covenant,Timothy Ward
Blood Coast Hidden Manuscript Wind Odyssey,Rachel Hudson
Serpent Reckoning Broken Mystery,Brandon Cruz
Wind Uprising Shadow Paradox Secret Genesis,Donald Ruiz
Bitter Inheritance Tiger Saga,Laura Williams
Rising Anthology Blood Fortress,Brian Rogers
Wind Odyssey,Michael Foster
Wind Kernel Bitter Module,Amy Long
Fire Algorithm Crimson Prelude,Tyler Spencer
Raven Handbook Bitter Passage Eternal Reckoning,Donna Garcia
Ancient Uprising Eternal Story,Lisa Long
Wind Genesis,Stephen White
Stone Overture Fire Destiny,Sharon Nelson
Bear Journey Bitter Enigma Crimson Chronicle,Anthony Carter
Blood Garden Shadow River,Joshua Stewart
Lost Code,Pamela Mills
Sacred Enigma First Odyssey,Jason Thompson
Tiger Prelude Falling Asylum,Patricia Evans
Iron Island,David Bryant
Frozen Signal,Jacob Marshall
Ancient Dominion Steel System Broken Framework,Timothy Patel
Bright Requiem,Kimberly Vasquez
Ancient Handbook Eagle Forest,Larry Thomas
Raven Asylum,David Ruiz
Deep Guidebook Storm Labyrinth Eagle System,Eric Butler
Storm Nocturne Wind Textbook Iron Horizon,David Jenkins
Dark Analysis Wind Enigma Golden Expedition,Daniel Nelson
Phoenix Memoir,Thomas Hernandez
Silent Journey Falling Enigma,Scott Gutierrez
Wind Fortress Silent System,Brenda Jenkins
Burning Ocean Blood Canvas Lion Prophecy,Tyler Holmes
Golden Engine Sacred Enigma,Larry Sanchez
Wind Haven,Tyler Kelly
Bear Legend Bear Module Ancient Matrix,Katherine Harvey
Stone Nocturne Dark Covenant Midnight Protocol,Charles Perry
Wild Chronicle,Frank Stewart
Frost Nocturne,Paul Myers
Secret Labyrinth,Michelle Bailey
Serpent Haven Lion Guidebook,Sarah Kim
Bright Secret Midnight Engine Stone Inheritance,Matthew Simmons
Tiger Interface,Jack Harvey
Lion Paradigm Tiger Covenant Silver Fortress,William Richardson
Silver Protocol Hidden Destiny Broken Memoir,Betty Anderson
Dark Trail,Michael Castillo
Falling Ocean First Palette Silver Signal,Samantha Young
A Reader First Equation Stone Expedition,Daniel Bryant
Storm Myth Final Exodus Eagle Library,Catherine White
A Matrix Lost Exodus,Pamela Diaz
Steel Handbook,Gregory Evans
Steel Interface Silver Empire,Heather Williams
Hidden Covenant Stone Legacy,Mark Cook
Phoenix Maze Fire Ocean Cold Algorithm,Brian Hamilton
Rising Symphony Frozen Signal,Justin Clark
Silver Paradigm,Brenda Reed
Storm Crusade Iron Sanctuary,Carol Peterson
Burning Ocean Ancient Horizon Falling Labyrinth,Eric Morris
Phoenix Protocol,Raymond Brooks
Hidden Chronicles Steel Hypothesis Hollow Library,Rebecca Russell
Frost Awakening Iron Journal,Carol Cruz
Fire Nocturne Shadow Ballad Silver Horizon,Lisa Stone
Hollow Asylum,Jacob Allen
Ancient Notebook Storm Saga Steel Inheritance,Mark Price
Frost Maze,Rebecca James
Ancient Coast Steel Chronicle,Jacob Wilson
Iron Exodus Iron Memoir Silver Chronicle,Debra Ross
Frozen Module Lost Labyrinth Hidden Companion,Carol Sullivan
Fox Canvas Sacred Riddle Lion Notebook,Heather Lee
Secret Manuscript Burning Covenant,James Jordan
Rising Revelation Wind Fortress,Gary Thompson
Glass Journey,Samantha Barnes
Cold Prelude Last Chronicle,Robert Hunt
Wind Paradigm,Mary Chavez
Falling Kingdom Storm Chronicle Iron Anthology,Mark Ruiz
Hidden Uprising Last Analysis,Emma Ward
Eternal Requiem,Joshua Howard
Wind Tale Cold Destiny,Carol Marshall
Raven Journal Bitter Protocol,John Collins
Wind Prophecy,Margaret Garcia
Silver Revelation Golden Protocol Fire Awakening,Timothy Rogers
Glass Paradox Stone Paradox Shadow Crusade,Katherine Garcia
Blood Asylum,Rebecca Simmons
Golden Omnibus Iron Sanctuary,Anthony Williams
Deep Haven Shadow Mountain,Helen Scott
Eagle Uprising Silver Chronicle,Andrew Robinson
Shadow Treatise,Nicole Phillips
Eagle Companion Final Interface,Donna Adams
Storm Hypothesis,Anthony Tucker
Forgotten Odyssey The Inheritance,Joseph Hudson
Shadow Labyrinth Silent Geometry Eternal Haven,Steven Reyes
Hollow Garden Steel Paradox,Richard Hall
Serpent Island,George Watson
Frost Asylum Crimson Requiem,Mary Scott
Steel Revelation Secret Ballad Fox Pilgrimage,Helen Morgan
Silent Paradigm Tiger Story Broken Asylum,Stephanie Perry
Midnight Matrix Blood Prelude,Rebecca Nelson
Hidden Labyrinth,Christopher Clark
Iron Overture Phoenix Pilgrimage,Nancy Ross
Glass Destiny Lion Prophecy,Kathleen Harvey
Bear Module,Jeffrey Lopez
Ancient Riddle,Mary Rice
Wind Handbook Shadow Tale Blood Asylum,Sharon Murphy
Final Matrix Sacred Enigma,Mary Green
Serpent Sonata Serpent Theorem Lion Genesis,Elizabeth Marshall
Forgotten Chronicle Midnight Paradox,Nicholas Edwards
Steel Algorithm Wild Textbook Silent Canvas,Jeffrey Hudson
Silent Hypothesis Bright Riddle,Jessica Dixon
Steel Kingdom Crimson Protocol Deep Awakening,Brenda Mills
Tiger Dominion,Diane Cox
Storm Atlas Steel Trail Secret Protocol,Michael Edwards
Secret Nocturne Fire Protocol,Carolyn Jordan
Crimson Primer,James Mendoza
Eagle Island Storm Paradigm,Rachel Ramirez
Fox Genesis,Amy Scott
Frost Interface Crimson Collection Glass Treatise,Matthew Walker
Rising Canvas Tiger Journal,Carolyn Gray
Raven Engine,Jennifer Young
Steel Calculus Hidden Hypothesis,James Robertson
Lost Voyage Eagle Overture Silver Manuscript,Frank Adams
Wind Legacy,Susan Jimenez
Stone Secret Silver Matrix Deep Anthology,Emily Jenkins
Hollow Passage Phoenix Destiny,Sarah Bell
Blood Theory Frozen Riddle Fire Encyclopedia,Betty Turner
Fire Island Storm Legend Storm Prophecy,Alexander Rivera
Fire Secret Fire Asylum Raven Fable,Brenda Alexander
Wind Engine Storm Valley Bear Core,Mary Holmes
A Network,Charles Wilson
Lost Companion Midnight Exodus Hollow Omnibus,Charles Thomas
Dragon Coast Rising Reckoning Final Passage,Susan Hawkins
Frost System,Donald Burns
Hollow Paradox Last System Deep Riddle,Stephen Wilson
Frost Omnibus,Betty Simmons
Iron Framework,Dennis Palmer
Stone Treatise Wolf Memoir Hollow Expedition,Daniel Martin
Broken Theory,Jessica Long
Cold Desert,Brenda Ortiz
Bitter Collection,James James
Fire Sanctuary Dark Sanctuary,Dorothy Wilson
Glass Labyrinth Shadow Ballad Eternal Mystery,Shirley Cruz
Blood Fortress,Tyler Reeves
Deep Protocol,Barbara Hughes
Bear Dictionary,Raymond James
First Coast Rising Nocturne,Brenda Williams
Shadow Legend,Laura Morris
Glass Compendium Dark Secret Last Asylum,Deborah Rogers
Wind River A Paradigm Silver Geometry,Laura Harvey
Hollow Memoir,Dorothy Gordon
Crimson Genesis,Jerry Black
The Sanctuary Rising Dictionary Lion Core,Susan Evans
Eagle Journey Steel Exodus Frost Sanctuary,Patricia Hamilton
Secret Awakening Silent Exodus Lost Manuscript,Diane Cook
Eternal Guidebook Ancient Interface Last Passage,Benjamin Russell
Burning Kingdom Last Chronicle,Jonathan Johnson
Wind Sanctuary Raven Requiem Blood Exodus,Amanda Ramos
Hollow Labyrinth,Nicole Thompson
Raven Pilgrimage Last Signal,Raymond Davis
Bitter Primer Hidden Code,Diane Palmer
Iron Paradox Frozen Paradigm,Mary Grant
Sacred Odyssey Dark Chronicle Wind Code,Jonathan Mills
Frozen Almanac,Catherine Ruiz
Deep Theory,Charles Adams
Shattered Omnibus,Matthew Robinson
Shadow Enigma,Dennis Mills
Steel Exodus Hollow Fortress,Steven Sanchez
Wind Finale,Kevin Alvarez
Shadow Textbook,Richard Reed
Eternal Memoir Burning Finale Bright Chronicle,Brandon Ward
Iron Sanctuary Wind Protocol Phoenix Riddle,Jason Baker
Burning Anthology,Tyler Cruz
Frost Journey Midnight Epopee Hidden Chronicle,Kathleen Graham
Final Maze Shadow Crusade,Daniel Lee
Serpent Requiem Fox Treatise,Kimberly Martin
Eternal Kingdom Serpent Calculus Iron Destiny,Justin Adams
Wolf Dictionary Dark Library,Anna Daniels
Steel Labyrinth First Code,Mark Howard
Steel Analysis,Angela White
First Analysis The Reader,Brandon Nelson
Hidden Expedition Bitter Manuscript Wind Enigma,Jack Tucker
Dark Primer Raven Finale,Sandra Taylor
First Workbook Dark Atlas,Eric Castillo
Iron Trail Bear Requiem,Jennifer Chavez
Fire Ocean,Jack Ortiz
Fire Covenant Last Algorithm First Genesis,Eric Cook
Shattered Protocol Final Legend,Gary Tucker
The Analysis Bear Requiem Bright Genesis,Sandra Martin
Steel Desert Rising Labyrinth Broken Fortress,George Walker
Shattered Engine Phoenix Chronicle Wind Asylum,Kathleen Alexander
Rising Exodus Steel Module,John Morales
Hidden Exodus,Sarah Gordon
Fox Enigma,Linda Nelson
Broken Protocol Stone Kingdom,Patrick Reed
Rising Expedition,Nicole Gibson
Bitter Primer Eagle Module,Scott Torres
Tiger Notebook Glass Geometry Ancient Genesis,Patrick Mendoza
Stone Fortress Shattered Algorithm,Deborah King
A Companion,Eric Reeves
Deep Labyrinth Stone Asylum Broken Nocturne,Brandon Martinez
Silver Chronicle Silent Overture Shadow Prophecy,Nicole Daniels
Fox Voyage,Eric Butler
Lion Requiem Blood Compass,Sandra Tucker
Final Haven Cold Destiny,Steven Alexander
Serpent Insurrection,Andrew Palmer
Ancient Journal The Chronicle,Pamela Holmes
Blood Chronicle,Timothy Evans
Phoenix Riddle Deep Epopee Crimson Sanctuary,Jason Cook
Serpent Core Wind Protocol,Brandon Peterson
Wild Atlas Deep Overture Broken Framework,Brenda Stone
Ancient Maze Wind Legend,Heather Jenkins
Hidden Chronicle Frost Guidebook Bright Exodus,Richard Diaz
Wild Tale Phoenix Enigma Bitter System,Samantha Johnson
Tiger Enigma,Jacob Fisher
Eternal Garden,Mark Patel
Stone Awakening,Patrick Foster
Glass Valley Fire Covenant,Heather Hall
Shadow Pilgrimage The Companion Serpent Valley,Matthew Rodriguez
Silver Workbook Glass Revelation Storm Awakening,George Morris
The Fortress Silent Ocean Wolf Cipher,Amanda Jenkins
Iron Companion Blood Prophecy,Jack Moore
Storm River,Patrick Hawkins
Final Legend Tiger Ocean Shattered Memoir,Ryan Russell
The Library Broken Interface Silver Crusade,Brenda Jackson
Hollow Story Golden Theory Ancient Omnibus,Frank Simmons
Wind Overture Wolf Compendium,Dennis Gray
Storm Canvas Fox Destiny,Kathleen Robinson
Eternal Network Iron Primer,Gregory Collins
Deep Fable Blood Legacy,Rachel Ortiz
Hollow Dominion,Stephanie Mendoza
Storm Manuscript,Jacob Watson
Rising Forest Broken Journal,Amy Phillips
Frost Reader,Kimberly Evans
Falling Anthology,Helen Alvarez
Wolf Crusade,Jessica Lee
Shadow Theorem Glass Chronicle Raven Convergence,Kathleen Myers
Burning Theorem Fox Ocean Shadow Notebook,Maria Burns
Wild Primer Raven Legacy,Michael Rice
Iron Reckoning Silver Legend,Ronald Hall
Golden Canvas Burning Legacy,Mary Turner
Iron Haven Burning Epopee,Brandon Gutierrez
Storm Garden,Donald Morgan
Glass Story First Diary,Amy Henderson
Deep Paradigm,George Perry
Bright Notebook Wind Prophecy,Pamela Collins
Wind Mountain,Donald Stone
Serpent Network Falling Enigma,Jack Hill
Phoenix Legacy Broken Kernel,Amy Wright
Blood Riddle Dragon Finale Frozen Omnibus,Brenda Perkins
Wild Haven,Frank Adams
Rising Collection,Jacob Harris
Frost Saga Ancient Epopee,George Hawkins
Phoenix Collection Final Empire Deep Odyssey,Brian Gomez
Wind Covenant Wolf River Final Enigma,Gregory Burns
Wolf Expedition Bear Revelation,Timothy Kelly
Iron Enigma Lion Genesis,Samantha Gray
Iron Protocol Serpent Exodus,David Adams
Shattered Riddle Burning Island,Alexander Morgan
Steel Signal Midnight Quest Wolf Epopee,Catherine Holmes
Deep Genesis Broken Empire,Thomas Stewart
Ancient Revelation Rising Genesis Wild Uprising,Richard Taylor
Storm Enigma A Signal,Shirley Perez
Ancient Sanctuary,David Jimenez
Shattered Anthology Frost River,Jeffrey Allen
Blood Revelation,Patricia Rodriguez
Final Enigma Lion Nocturne Steel Mountain,Stephen Simmons
Blood Manuscript,Emma Reynolds
Frost Journey Blood Puzzle Final Overture,Anna Collins
Bright Maze,George Bell
Sacred Labyrinth The Odyssey,Eric Wright
Hollow Sonata Fire Legacy,Frank Marshall
Frozen Legacy Wolf Voyage,Donna Reyes
Storm Paradigm,Matthew Bell
Cold Signal Forgotten Exodus Fire System,Timothy Cruz
Silent Core Iron Reader,Eric Cooper
Steel Forest Deep Journal,William Campbell
Hollow Reckoning,Samantha Reynolds
Bright Mountain Blood Equation Falling Secret,John Hill
Fire Empire,Nancy Clark
Midnight Legacy Fire Pilgrimage,Janet Williams
Silent Labyrinth,Mary Hunt
Secret Kernel,Michelle Dixon
Steel Reckoning Secret Revelation,Dennis Nguyen
Midnight Code,Elizabeth Palmer
Broken Memoir Fox Omnibus,Timothy Brown
Wolf Anthology,Deborah Simmons
Frost Reckoning,Betty Hamilton
Wolf Asylum Blood Almanac Iron System,Debra Richardson
Bitter Convergence Frost Odyssey,Steven Tucker
Frozen Treatise First Enigma Lion Encyclopedia,Joseph Stewart
Cold Enigma The Genesis Dragon Ocean,Justin Walker
Dragon Compendium The Convergence,Justin Bryant
Stone Sanctuary First Inheritance Forgotten Fortress,Amy White
Glass Tale Raven Labyrinth Lost Ballad,Samuel Flores
Fire Crusade Hidden Finale Shattered Mystery,Brenda Ruiz
Wind Memoir A Algorithm,Amanda Wright
Fox Convergence Shadow Pilgrimage,Brenda Ramos
Blood Equation Falling Diary Fire Myth,Dorothy Wallace
Lion Exodus Eternal Sanctuary,Laura Ramos
Fire Protocol Steel Odyssey,Heather Reeves
Wind Diary Bear Kingdom,Helen Sanders
Forgotten Secret Wind Sanctuary Shadow System,Matthew Rice
Shadow Sanctuary Glass River Burning Interface,Samuel Chavez
Crimson Fortress,Jennifer King
Lion Reckoning,Betty Ramirez
Falling Haven Dark System,Raymond Marshall
Glass Collection Lost Protocol Shattered Exodus,Mary Turner
Shadow Revelation Steel Labyrinth First Engine,Melissa Anderson
Midnight Convergence Wind Exodus Eagle Labyrinth,Elizabeth Parker
Crimson Haven Wind Workbook Fire Matrix,Matthew Roberts
Shadow Anthology Wind Manuscript Storm Engine,Catherine Ramirez
Wind Ballad Storm Canvas Blood Compass,Susan Nelson
Storm Cipher,Nicholas Gray
Bitter Quest Final Riddle Storm Enigma,Melissa Bell
Cold Secret Stone Reader Wind Dictionary,Timothy Mills
Ancient Epopee Bright Expedition Wild Odyssey,Patrick Rodriguez
Stone Kingdom Blood Destiny,Joshua Johnson
Shattered Dictionary Serpent Riddle,John Peterson
Silver Sanctuary Crimson Awakening Steel Ballad,Karen Scott
First Anthology Shattered Collection,Joshua White
Wild Encyclopedia Wind Genesis Wind Enigma,Diane Tucker
Shadow Asylum,Scott Kim
Wind Network,David Anderson
Final Journey Deep Chronicle,Jerry Collins
Steel Legacy Iron Network Lost Maze,Shirley Hernandez
Fire Labyrinth Burning Analysis,Rachel Cruz
Lost Code,Laura Spencer
Silent Primer Cold Island Dragon Code,Charles King
Silent Nocturne Wind Paradox,Stephen Perry
Silent Cipher Silver Journey,Heather King
Iron Treatise,Gary Jenkins
Wind Treatise Storm Anthology Forgotten Exodus,Paul Gonzales
Storm Inheritance Golden Module,Jason Sanders
Falling Secret Final Chronicles,Jerry Ward
Final Quest,Helen Nguyen
Dark Workbook Falling Paradigm,Karen Perez
Frost Enigma,Ashley Nguyen
The Story Blood Reckoning,Michelle Jordan
A Chronicle Rising Dictionary,Anthony Palmer
Raven Library Storm Overture Glass Paradox,Frank Jones
Iron Requiem Ancient Revelation,Linda Reed
Dragon Mountain,Michael Wallace
The Fortress Last Mountain Shadow Epopee,Susan Jones
Lion Matrix Shattered Network,Angela Sanchez
Shadow Inheritance Broken Treatise,Nicholas Hamilton
Fire Empire Dark Anthology Blood Maze,Kevin Marshall
Frost Fortress A Legend,Debra Price
Iron Labyrinth Forgotten Analysis,Emily Thomas
Ancient System Bear Destiny Storm Desert,Mark Hill
Fox Code Shadow Requiem,Barbara Ross
Storm Guidebook Deep Reader Wind Sanctuary,Jason Richardson
Secret Expedition Fire Prophecy Rising Requiem,Justin Daniels
Phoenix Companion Lion Requiem Frozen Destiny,Sharon Nguyen
Wind Fortress Burning Fortress Storm Chronicle,Nancy Brooks
Wind Destiny,Maria Brooks
Deep Labyrinth Bright Ocean,Karen Carter
Hidden Diary,Patricia Morgan
Wind Workbook Stone Workbook Shattered Chronicles,Amanda Lee
Wolf Prelude Hidden Analysis Serpent Sonata,Carolyn Myers
Serpent System,Gary Bryant
Bitter Memoir,Mark Rodriguez
Raven Prophecy Midnight Module,Mark Phillips
Eternal Manuscript,Jeffrey Marshall
Burning Canvas Bear Anthology Cold Protocol,Heather Hernandez
Frost Network Wind Riddle Wild Awakening,Eric Ramirez
Steel Convergence Bear Compendium,Eric Black
Frost Convergence Storm System,Eric Gonzalez
Hollow Pilgrimage,Ronald Cox
Steel Genesis Cold Coast,Brandon Wilson
Blood Paradox Steel Passage Silent Analysis,Joseph Campbell
Fox Destiny Wild Module Burning Passage,Patricia Rivera
Iron Companion Bear Trail,Barbara Cook
Blood Exodus Fire Odyssey,Barbara Robinson
Bright Epopee Silent Matrix Wind Geometry,Brandon Green
Storm Network Dark Revelation,Kevin Dunn
Lion Labyrinth Bitter Enigma Broken Enigma,Rebecca Ward
Wind Expedition Hollow Notebook,Jessica King
The Omnibus,Mary Hamilton
Serpent Hypothesis Fire Chronicle,Nicole Hunt
Rising Nocturne,Ryan Sullivan
Silent Chronicle Forgotten Desert,Helen Stone
Lost Diary,Charles Anderson
Final Awakening Sacred Reckoning Shadow Horizon,Kevin Thompson
Crimson Engine,Daniel Adams
Hollow Manuscript Steel Epopee Dark Dominion,Jerry Kim
First Network Tiger Fortress,Maria Barnes
Eternal Island Iron Destiny Golden Ocean,Kevin Rice
Blood Almanac Blood Almanac,Brandon Anderson
Wind Inheritance,Kathleen Kelly
Stone Mystery Ancient Fable,Thomas Dunn
Blood Hypothesis Shadow Notebook,Brandon Reyes
Hollow Memoir The Chronicle A Symphony,Benjamin Walker
Serpent Almanac Phoenix Engine Deep Requiem,Kevin Hughes
Phoenix Dictionary The Companion Blood River,Steven Moore
Frozen Calculus Storm Secret,Jerry Johnson
Storm Saga,Carol Jenkins
Wind Destiny Eagle Covenant Falling Chronicle,Carol Alexander
Phoenix Awakening Steel Destiny,Kathleen Flores
Steel Saga Steel Module Frost Covenant,Eric Kim
Wind Riddle Storm Kingdom Rising Chronicle,Diane Price
Sacred Desert,Patricia Gray
Iron Genesis Wind System,Nancy Robinson
Fire Riddle Fire Reckoning,Paul Bell
Shadow Textbook,Melissa Jordan
Rising Labyrinth Broken Reckoning,Melissa Martinez
Silent Quest,Nicholas Miller
Fox Analysis Sacred Journal,Carol Tucker
Lion Puzzle Wolf Enigma Sacred Haven,Eric King
Wind Awakening,Ryan Jimenez
Lion Asylum The Puzzle Dark Inheritance,Kevin Wallace
Crimson Puzzle,John Spencer
Iron Almanac Burning Companion,Matthew Kelly
Fire Mystery Wolf Pilgrimage,Christine Walker
Sacred Fortress Midnight Asylum,Mary Hawkins
Crimson Atlas Fire Myth Storm Mystery,Paul Torres
Phoenix River Wind Compendium Bitter Exodus,Michelle Gray
Bright Paradox Hidden Destiny Iron Paradox,Susan Foster
Silent Compass,Ronald Rivera
Stone Expedition Glass Ballad Frozen Saga,Betty Hunt
Raven Symphony,Larry King
Tiger Symphony,Richard Reynolds
Storm Symphony Iron Workbook,Mark Torres
Ancient Protocol Wild Notebook Blood Chronicle,Tyler Wood
Shadow Destiny Eternal Nocturne,Joseph Hughes
Steel Revelation Hollow Myth,Nicole Spencer
Silver Uprising,Stephanie Ramirez
Storm Exodus Dragon Labyrinth,Jonathan Graham
Iron Module Forgotten Compendium,Stephen Green
Last Sanctuary Secret Almanac,Frank Gonzales
Wind Story Fire Textbook,Daniel Martin
Fire Finale Golden Palette Burning Asylum,Jeffrey Rivera
Wild Fortress Stone Crusade,Debra Ross
Shadow Labyrinth Silent Encyclopedia,Sarah Adams
Phoenix Odyssey Raven Enigma Shadow Labyrinth,Laura Hunt
Last Expedition Falling Atlas,Debra Brooks
Wind Labyrinth Cold Legend,Barbara Williams
Silver Protocol Serpent Legacy Serpent Coast,Linda Patel
Lost Odyssey Fire Ballad Golden River,Patricia Stewart
Blood Code Iron Mystery,Carolyn Ross
Last Journey Fire Dictionary,Raymond Hall
Hidden Journal Storm Matrix,George Coleman
Hollow Legacy,Sarah Williams
Steel Kingdom,Charles Harvey
Cold Destiny Silent Requiem Steel Engine,Ryan Henderson
Broken Trail Silver Core Storm Passage,Deborah Price
Broken Core,Nicole Johnson
Shadow Textbook Fire Analysis Midnight Module,Anna Spencer
Dark Awakening Wind Overture,Alexander Patel
Iron Overture,Frank Lee
Wind Desert,Cynthia Shaw
Blood Inheritance,Ashley Gibson
Frost Genesis Storm Puzzle Glass Enigma,Carol Hunt
Iron Trail,Angela Gibson
Wind Chronicle Deep Fable Phoenix Coast,Donna Nelson
Blood Labyrinth,Janet Dunn
Lost Nocturne Iron Revelation,Pamela Wilson
Hollow Chronicles Hollow Finale Silent Legacy,Nicholas Martin
Ancient Prophecy Glass Desert,Emily Rogers
Frost Reckoning,Nicole Hall
Frost Labyrinth Shadow Expedition First Covenant,Kimberly Stewart
Broken Reckoning Secret Insurrection,Charles Flores
Raven Module Wolf Matrix,Donald Vasquez
Iron Genesis Rising Legend Lost Garden,Dennis Robinson
Bitter Palette,Stephanie Bryant
Iron Workbook Last System,Jacob Ortiz
Blood Journey,Mary Kelly
Last Riddle Blood Convergence,Richard Hunt
Final Voyage Glass Mountain Secret Mountain,Paul Sanchez
Steel Code Steel Reader,Janet Roberts
Secret Notebook Burning Legacy Storm Legacy,William Brown
Crimson Uprising Storm Expedition,Brian Cruz
Hollow Omnibus Falling Reckoning A Dominion,Linda Parker
Iron Odyssey Fire Chronicle Silent Prophecy,Timothy Dunn
Fox Reckoning,Rachel Mitchell
Hollow Symphony Shadow Genesis,Samantha Reynolds
Wolf Compass Blood Secret,Steven Adams
Midnight Labyrinth,Timothy Jimenez
Lost Library Tiger Garden,Daniel Vasquez
Shadow Companion,Brandon Powell
Steel Equation,Susan Torres
Wolf Voyage Rising Crusade Bright Library,Susan Rodriguez
Eternal Omnibus,Heather Patterson
Fox Hypothesis,Karen Smith
Shadow System,Paul Hill
Secret Code Wind Odyssey Silver Equation,Kathleen Fisher
Serpent Fortress Fire Handbook,James Foster
Tiger Overture Golden Ballad Secret Labyrinth,Stephanie Anderson
Steel Dominion First Story Silent Canvas,Maria Howard
Falling Manuscript Storm Convergence Last Journal,Joshua Jimenez
Iron Ballad,Gary Perez
Bright Journal Hidden Awakening Falling Chronicles,Patrick Morris
Last Sanctuary Dragon Maze,Amy Hunt
A Awakening Secret Covenant,Carol Hernandez
Golden Dictionary Phoenix Canvas,Gregory Black
Frost Workbook,Elizabeth Martinez
Sacred Equation Steel Kingdom Iron Requiem,Ashley King
Broken Paradox,Michelle Harris
Glass Revelation Eagle Sanctuary,Susan Robinson
Stone Primer Eternal Companion,Jason Gray
Storm Cipher Burning Chronicle Storm Requiem,Dorothy Diaz
Iron Covenant,Kevin Taylor
Midnight Paradox,Dennis Coleman
Blood Framework,Stephen Nelson
Forgotten Convergence Hidden Haven,Diane Long
A Finale,David Johnson
Broken Inheritance,Alexander Reed
Blood Nocturne Blood Legacy,Anthony Torres
Midnight Passage Deep Reader Broken Awakening,Scott Campbell
Shadow Inheritance Iron Labyrinth Final Kernel,James Stone
Falling Chronicle,Shirley Harris
First Calculus Shattered Palette Wolf Almanac,Emily Wilson
Golden Labyrinth,Debra Bryant
Broken Fortress Shadow Requiem,Michael Sanders
Rising Journey Ancient Saga,Brandon Reynolds
Crimson Enigma,Jonathan Rivera
Dragon Destiny,Gary Gordon
Eternal Textbook,Patrick Simmons
Iron Enigma Deep Treatise Frost Enigma,Sandra Lewis
Shattered Haven Forgotten Module,Betty Long
Eternal Sonata,Justin Harvey
Bear Journey,Charles Parker
Steel Manuscript Last Paradigm Hidden Canvas,Patrick Roberts
Final Mountain Falling Saga Hidden Reckoning,Frank Perkins
Midnight Destiny,Joseph Wallace
Deep Revelation Raven Story,Mark Ramos
Bitter Revelation Wind Guidebook Silent Module,Eric Marshall
Iron Nocturne,Cynthia Bailey
Wind Compass,Jack Murphy
Burning Journey,Justin Cruz
Sacred Chronicle Deep Requiem Dark Sonata,Janet Reeves
Cold Code,Kathleen Sanchez
Shadow Reader Silent Prophecy,Frank Sullivan
Hidden Ballad,Donna Morris
Silent Kingdom Iron Maze Bitter Canvas,Pamela Miller
Steel Requiem Lion Protocol,Nancy Patel
Steel Odyssey Lion Exodus Last Saga,Shirley Rodriguez
Cold Mountain Blood Almanac,Tyler Lee
Bear Saga Frost Covenant Silver Protocol,Michael Lewis
First Symphony Glass Convergence,George Sanders
Steel Fortress,Brenda Evans
Secret Reader,Anna Robinson
Iron Almanac Raven Handbook Burning Fable,Paul Ramos
Cold Ocean Lost Sanctuary First Legend,Laura Harvey
Blood Odyssey Iron Island Bright Framework,Gregory Taylor
Fox Canvas,Barbara Lee
Fox Manuscript Hollow Genesis,Susan Nelson
Golden Enigma Shadow Labyrinth,Anthony Holmes
A Coast Deep Prophecy Iron Legend,Rebecca Simmons
Steel Empire Hollow Journal Eternal Empire,Sandra Holmes
Secret Module Iron Story Steel Enigma,Gary Robertson
Bright Canvas Frozen Prophecy Fox Maze,Lisa Gutierrez
Iron Paradigm,Andrew Gonzalez
Final River,Ryan Nelson
Bitter Valley Broken Covenant Eagle Sanctuary,Christopher Stewart
Dark Mystery,Pamela Allen
Ancient Framework Broken Atlas,Brenda Rodriguez
Burning Legend Sacred Paradigm Bright Exodus,Jonathan Cox
A Protocol,Amy Nguyen
Burning Sanctuary The Calculus,Kevin Ramos
Fox Island Raven Enigma,Larry Simmons
Blood Reckoning Wind Prelude,Jennifer Scott
Storm Asylum Frozen Chronicles Wild Primer,Laura Alvarez
Burning Covenant,Nicole Roberts
Blood Primer Dragon Desert Falling Empire,David Black
Storm Inheritance Silver Code,Matthew Marshall
Stone Geometry Lost Epopee,Ronald Nguyen
Serpent Compass First Matrix First Prophecy,Andrew Ruiz
Frozen Expedition Lion Inheritance,Margaret Simmons
Deep Quest Hollow Exodus Phoenix Core,Janet Coleman
Eagle Inheritance,Charles Turner
Iron Saga Eternal Algorithm,Barbara Johnson
Iron Mountain Deep Covenant,Brenda Graham
Wind Requiem Falling Diary Eagle Network,Donna Grant
Dark Labyrinth Eagle Labyrinth,Amy Hawkins
Steel Handbook A Odyssey Sacred Garden,Joshua Gibson
Steel Valley,Rebecca Rivera
Blood Compendium A Chronicle,Maria Peterson
Eternal Epopee Iron Overture,Larry Fisher
Iron Nocturne Blood Chronicle,Melissa Gordon
Wind Kingdom Serpent Library Bitter Covenant,Charles Brooks
Bear Destiny Final Exodus,Michael Cooper
Deep Ballad Lost Island,Donna Robertson
Eternal Theory Falling Notebook Raven Asylum,Scott Nelson
Burning Riddle Tiger Labyrinth Midnight Epopee,Richard Hunt
Final Paradox The Requiem Blood River,Melissa Harvey
Secret Exodus Crimson Encyclopedia,Karen Ramos
Eagle Journal,Diane Hawkins
Blood Asylum Deep Canvas Eternal Asylum,Thomas Jones
Final Puzzle Blood Epopee,Sarah Simmons
Blood Story Broken Labyrinth A Chronicle,Mark Allen
Sacred Guidebook Frozen Legacy Rising Prophecy,David Henderson
Raven Reckoning Eternal Kingdom Wolf Overture,Dennis Gonzales
Falling Crusade,Robert Gordon
Lost Sonata Golden Omnibus Dark Sanctuary,Joshua Williams
Dragon Odyssey,Nicole Evans
Fox Companion Broken Myth A Dominion,Charles Bailey
Final Fable Bitter Analysis Wolf Reader,Nicholas Perkins
Crimson Prophecy,Shirley Parker
Falling River Bitter Chronicle Wind Haven,Margaret Reeves
Iron Protocol Blood Diary Bright Crusade,Nancy Price
Cold Dictionary Silver Guidebook,Edward Lewis
Golden Symphony Golden Destiny,Amy Castillo
Hollow Convergence Silent Enigma Shadow Asylum,Deborah Reed
Stone Puzzle Storm Quest,Mark Grant
Hollow Compass Falling Fortress,Jacob Patel
The Equation,Gregory Clark
Bright Insurrection Golden Paradox,Ronald Perry
Iron Uprising Frost Revelation Eternal Protocol,Betty Gray
Stone Protocol,Jessica Reyes
Wind Hypothesis Midnight Mountain,Dennis Perry
Iron Protocol Shadow Geometry,Emily Nguyen
Crimson Odyssey Ancient Equation,Amy Reyes
Hidden Destiny Crimson Enigma Eagle Fortress,Amy Miller
Last Enigma,Karen Cox
Glass Asylum Raven Genesis Shadow Theorem,Diane Wallace
Hollow Hypothesis,Gary Reeves
Fire Story Phoenix Kingdom,Maria Rodriguez
Bear Chronicle Last Passage,Kenneth Long
Steel Awakening Dark Manuscript,Brenda Cox
Bitter Equation Cold Destiny Frozen System,Gary Lewis
Storm Equation Shadow Sonata Iron Fortress,Nicholas Anderson
Ancient Theorem Iron Algorithm,Brandon Price
Burning Labyrinth A Requiem,Thomas Sanders
Phoenix Chronicles Raven Story,Timothy Harris
Final Ballad Deep Myth,Linda Morales
Forgotten Puzzle,Emma Perez
Eternal Maze Golden Tale Bitter Empire,Jonathan Wood
Steel Core,Larry Gordon
Midnight Empire Blood Sonata,Emma Garcia
Last System Burning Haven,Gary Sanchez
Storm Atlas Secret Hypothesis Silver Tale,Lisa Kim
Cold Companion Shadow Genesis,Jonathan Diaz
Ancient Paradox Frozen Cipher,Mark White
Serpent Asylum Iron Tale Midnight Fortress,Larry Robertson
Cold Almanac Final Genesis,Katherine Cox
Phoenix Horizon Cold Riddle Falling Engine,Stephanie Cook
Silver Trail Shadow Notebook Bear Kingdom,Benjamin Shaw
Wind Hypothesis,Margaret Wallace
Iron Journey Wind Labyrinth,Eric Phillips
Steel Enigma Forgotten Labyrinth,Catherine Kim
Deep Mystery Lion Sanctuary,Samantha Evans
Midnight Valley Steel Exodus,Steven Stewart
Forgotten Asylum Sacred Memoir,Patricia Morales
Steel Finale Storm Journey,Jason Martinez
Bitter Mountain,Sarah Davis
Dragon Desert Shadow Manuscript,Samuel Hernandez
Shadow Empire Lost Insurrection Burning Horizon,William Sullivan
Shadow Dominion Wild Requiem,Donald Lewis
Frost Analysis Golden Omnibus Shadow Dominion,Donald Young
Secret System Phoenix Textbook,Jason Parker
Crimson Covenant,Margaret Peterson
Deep Collection Lion Covenant,Gary Hunt
Blood Reckoning Burning Core,Jacob Murphy
Bear Enigma First Nocturne,Carolyn Patel
A Reckoning Eagle Enigma,Frank Morris
Storm Matrix Frozen Epopee,Debra Young
Lion Textbook Serpent Quest Last Legacy,Ronald Rogers
Silent Textbook Frozen Almanac,Christopher Vasquez
Burning Interface Dragon Reckoning Midnight Revelation,Heather Marshall
Frost Module Eagle Saga,Carolyn Henderson
Tiger Exodus,Rachel Gutierrez
Eternal Fable Deep Enigma Steel Destiny,Maria Wilson
Steel Diary Iron Quest Dragon Destiny,James Perry
Iron Maze,Kenneth Spencer
Golden Fortress,Ashley Shaw
Wolf Prophecy Serpent Module Dragon Mystery,Laura Alexander
Hidden Library Broken Enigma Phoenix River,Betty Perez
First Notebook Wild Algorithm,Pamela Edwards
A Guidebook,Barbara Graham
Ancient Revelation,Michael Perry
Cold Library Sacred Inheritance First Revelation,Larry Walker
Fire Journey,Jerry Reynolds
Shadow Chronicle Shattered Atlas Falling Forest,Andrew Hunt
Hidden Voyage Serpent Atlas,Scott Parker
Wind Journal Deep Notebook,Edward Nguyen
Hollow Garden,Donald Jordan
First Canvas,David Williams
Hidden Secret Blood Signal,Debra Diaz
Last Core Frost Collection Eternal Asylum,Brenda Thomas
Secret Textbook,Jacob Price
Shadow Requiem The Omnibus Silver Network,Joshua Jenkins
First Prophecy Fox Convergence Iron Manuscript,Kimberly Baker
Shadow Tale Bear Symphony Hidden Inheritance,Kenneth Robertson
Sacred Library Golden Riddle,Jennifer Allen
Lion Desert Frost Epopee,Sharon Reed
Glass Garden Blood Riddle,Sharon Nelson
Frost Equation Raven Labyrinth,Brenda Vasquez
Falling Labyrinth,Michael Collins
Dark Sonata,Kimberly Adams
Steel Journey Golden Theorem Dark Quest,Amanda Hawkins
Steel Theorem Golden Enigma,Jessica Hughes
Rising River,Nancy Baker
Silver Mountain Wind Dictionary Iron Chronicle,Shirley Hudson
Deep Genesis,Ashley Dixon
Crimson Chronicle A River Storm Odyssey,Ronald Myers
Crimson Secret Sacred Destiny Silent Canvas,Alexander Alexander
Iron Forest Stone Chronicle,Kevin Lopez
Glass Passage Burning Prophecy Rising Paradox,Samuel Reed
Phoenix Covenant Frost Exodus,Stephen Ross
Wild Collection,Daniel Morris
Silent Empire Serpent Almanac,Christopher Jimenez
Hollow Sanctuary Golden Horizon,Gary Gonzales
Phoenix Puzzle Fox Prophecy Final Asylum,Melissa Gordon
Shadow Expedition,Deborah Bryant
Wind Core Silent Core,Melissa Mitchell
Iron Compass Silent Convergence,Angela Mendoza
Storm Handbook Steel Sanctuary,Amy Rice
Steel Insurrection Hollow Symphony Cold Revelation,Kathleen Kim
Hidden Horizon,Ashley Holmes
Hollow Paradox Storm Genesis,Jennifer Gordon
Silver Core,Edward Harris
Shadow Omnibus Final Collection,Justin Lee
A Asylum Frost Palette Broken Notebook,Ronald Lopez
Deep Horizon,Kenneth Reynolds
Bright Garden Secret Diary Rising Diary,David Gutierrez
Crimson Journey Fire Kingdom The Signal,Joseph Brown
Steel Prelude,Ryan Russell
Frost Finale Frozen Epopee Blood Signal,Joshua Thompson
Hidden Prophecy,Matthew Lewis
Blood Journal,Patricia Turner
Steel Enigma Steel Reader,Sharon Black
Silent Labyrinth,Jerry Graham
Iron Core,John Robinson
Fox Sanctuary,Jack Simmons
Iron Empire Lion Passage,Justin Morales
Hollow Code,Michael Bennett
Crimson Voyage,Rebecca Hunt
Iron Island Dark Finale Wild Finale,Angela Harvey
Fire Labyrinth,Shirley Jones
Wind Riddle Storm Sanctuary,Paul Coleman
Golden Theorem Glass Legend,Laura Fisher
Bitter Valley,Patrick Roberts
Final Pilgrimage Shattered Calculus,Mark Gray
Serpent Symphony Hidden Coast Wind System,Rebecca Castillo
Phoenix Exodus Glass Almanac,Andrew Thompson
Iron Prophecy Broken Companion Bitter Equation,Richard Coleman
Frozen Textbook Rising Paradox,John Alvarez
Final Fortress Broken Analysis,Robert Taylor
Cold Asylum Glass Guidebook,Jessica Hawkins
Shadow Library,Carol Price
Wolf Forest,Karen Gordon
Shadow Uprising Fire Paradox Bright Canvas,Dennis Lewis
Dragon Uprising,Brenda Hernandez
Crimson Genesis Iron Chronicle Lion Atlas,George Green
Hollow Quest Raven Calculus Shadow Haven,Karen Sanders
Tiger Requiem Golden Companion,Jeffrey Coleman
Forgotten Nocturne,Carol Kelly
Bitter Insurrection Midnight Paradigm Fire Engine,George Morales
Raven Kernel,Tyler Collins
Phoenix Compass,Edward Sullivan
Serpent Epopee A Quest,Charles Williams
Phoenix Fortress Silent Tale Burning Cipher,Jerry Nelson
Lost Code Raven Awakening,Raymond Hill
Lost Coast Deep Cipher Bear Labyrinth,Patrick Watson
The Desert Fox Enigma,Rachel Russell
Steel Atlas Bear Quest,Rachel Ruiz
Wild Treatise Bear Labyrinth Silent Awakening,Jonathan Bennett
Wind Legacy Blood River,Margaret White
Storm Puzzle Blood Story Raven Fortress,John Davis
Iron Library Forgotten Labyrinth Wind Core,Nicholas Lewis
Lost Paradigm Ancient Calculus Final Odyssey,Michael Young
Frozen Chronicle Steel Tale,Donald Adams
Fire Workbook Final Horizon Hollow Requiem,Carolyn Long
Frost Anthology Crimson Enigma Blood Memoir,Heather Castillo
Crimson Enigma Fire Core,Edward Lee
Lost Core,Thomas Bryant
Bright Genesis,Melissa Rice
Iron Signal Lion Garden,Justin Dixon
Cold Pilgrimage Blood Equation Wind Engine,Christopher Torres
Hidden Finale Fire Canvas Hidden Theory,Shirley Walker
Rising Trail Iron Reckoning Frost Fortress,Brenda Patel
Stone Interface,Joseph Walker
Wind Island Dark Sanctuary,Jessica Myers
First Labyrinth Hollow Finale,Patricia Torres
Dragon Kernel,Michael Ward
Rising Notebook Tiger Equation,James Young
Final Fortress Lion Requiem Deep Overture,Pamela Richardson
Bright Tale Dragon Algorithm Iron Prophecy,Maria Scott
Iron Canvas Raven Passage Shadow Expedition,Karen Wood
Phoenix Interface,Deborah Reyes
Secret Requiem Shadow Quest,Jack Bailey
Silent Genesis Fire Chronicles Wind Puzzle,Brenda Young
Storm Insurrection Falling Enigma Wind Journal,Dennis Bryant
Fox Kingdom Golden Notebook A Ocean,Tyler Evans
Eagle Quest,David Hunt
Burning Cipher Iron Requiem Shadow Empire,Carol Fisher
Deep Chronicles,Shirley Brooks
Ancient Dominion Golden Haven,Anna Baker
Sacred Notebook Ancient Inheritance,Karen Ward
Storm Revelation Lost Enigma,Nancy Miller
Lost Horizon Last Haven Burning Paradox,Edward Chavez
Last Chronicle Lost Companion,Donald Stewart
Silver Calculus Last Asylum,Paul Thomas
Steel Interface Eternal Overture,Patricia Sullivan
Shattered Kingdom Midnight Haven Forgotten Legacy,Joshua Perkins
Bright Insurrection Serpent Analysis,Anthony Torres
Fire Revelation Dragon Compendium,Jonathan Henderson
Bright Convergence The Palette Eagle Island,Katherine Nelson
Lost Overture,Paul Cook
Last Myth Eagle Dictionary Iron Geometry,Andrew Lopez
Frost Fortress,Joshua Thompson
Blood Odyssey Eagle Requiem,Patrick Stone
Bear Voyage Rising Calculus,Kenneth Mendoza
Ancient Passage Midnight Compendium Shadow Secret,Carol Turner
Stone Chronicle A Destiny,Samuel Smith
Iron Chronicle Fox Legacy Storm Covenant,Edward Stone
Fire Equation Raven Code Fire Revelation,Tyler Martin
A Quest Storm Odyssey Final Algorithm,Scott Alvarez
Broken Legacy Golden Palette,Melissa Roberts
The Primer Frost Empire,Maria Bailey
Fire Ballad Falling Dominion Tiger Labyrinth,Carolyn Cruz
Shadow Epopee,Robert Bailey
Fox Almanac The Treatise,Samantha Jenkins
Lion Desert,Larry Ramos
Bitter Memoir Shadow Covenant,William Allen
Eternal Legacy Ancient Guidebook Bear Ocean,Matthew Garcia
Storm Omnibus Storm Trail The Compass,Samuel Wilson
Cold Interface Midnight Odyssey,Debra Shaw
Shadow Epopee Blood Requiem,Patrick Edwards
Midnight Kernel,Jonathan Patterson
The Code Falling Saga,David Hudson
Frost Handbook,Frank Henderson
Forgotten Treatise,Lisa James
Eternal Asylum A Prelude,Sharon Miller
Phoenix Saga Eagle Omnibus Forgotten Crusade,Jacob Morris
Eagle Enigma Tiger Saga,Eric Stewart
Wolf Pilgrimage,Maria Harris
Bright Odyssey Silent Labyrinth Dark Algorithm,Kenneth Taylor
Lost Quest,Linda Cox
Iron Voyage Eternal Uprising Storm Covenant,Brenda Wilson
Serpent Network Wild Asylum,Helen Bell
Lion Legacy,Ryan Foster
Dragon Compass Bear Haven,Carol Miller
Blood Chronicle Iron Memoir,Susan Clark
Stone Fortress,Emma Roberts
Hidden Geometry Ancient Fable Deep Overture,Patrick Simmons
Forgotten Requiem,Jennifer Thomas
Frozen Journey,Angela Alvarez
Iron Enigma Sacred Sonata,Michelle Mendoza
First Legacy Blood Enigma,Linda Stewart
Tiger Enigma Cold Legend Falling Companion,Samantha Phillips
Secret Journal,Christine Bryant
Blood Symphony Stone Chronicle Serpent Saga,Brandon Kim
Secret Exodus Crimson Trail,Diane Hernandez
Shattered Odyssey Iron Handbook,Frank Collins
Glass Dictionary Forgotten Overture,Jack James
Last Atlas Wild Diary Tiger Chronicle,George Williams
Final Destiny,Brenda Robinson
Hollow Pilgrimage,Matthew Castillo
A Treatise,Betty Reed
Shattered Garden,Patrick Hall
Serpent Compendium Broken Treatise,John Rivera
Crimson Empire Eagle Requiem,Timothy Lewis
Rising Maze Steel Reader,Melissa Myers
Bitter Journey Bear Sanctuary Golden Paradox,Thomas Carter
Fire Algorithm,Frank Myers
Stone Compass Iron Compendium,Jennifer Carter
Hollow Labyrinth Burning Anthology Lost Desert,Thomas Burns
Bear Equation Rising Revelation Dragon Sonata,Diane Taylor
Silver System,Dennis Burns
Shadow Palette Broken Secret,Carolyn Myers
Blood Overture Fire Theorem Iron Forest,Justin Perry
Dragon Awakening Rising Primer Fox Companion,Laura Stewart
Rising Maze Cold Algorithm,Pamela Green
Ancient Insurrection Hidden Insurrection,Donna Simmons
Final Guidebook Iron Convergence Steel Theory,Helen Gray
Bright Symphony Cold Interface,Melissa Dixon
Midnight Network A Manuscript,Jeffrey Reyes
Steel Genesis Final Insurrection,Donna Ramos
Fire Revelation Dragon Ocean Shattered Haven,Jessica Jackson
Dark Companion Secret Treatise,Gregory James
Frozen Ocean Falling Requiem,Dennis Palmer
The Horizon Hollow Legend,Tyler Russell
Tiger Prophecy Iron Theory,Maria Hill
Shattered Guidebook Wind Almanac,Jacob Reyes
Iron Symphony Wind Palette Secret Insurrection,Kenneth Carter
Wolf Engine Rising Pilgrimage,Laura Stone
First Requiem,Pamela Allen
Frost Legacy Shadow Fable,Carol Edwards
Cold Protocol Raven Horizon,Dorothy Garcia
Dragon Reckoning Hidden Sanctuary Secret Code,Timothy Evans
Eternal Matrix Falling Nocturne,Susan James
Bright Labyrinth Silent Revelation Crimson Manuscript,Robert Marshall
Broken Treatise,William Foster
Rising Workbook Hollow Fortress,Ryan Anderson
Blood Legacy Bitter Enigma,Edward Powell
Golden Prophecy,Jonathan Butler
Frost Fortress Last Atlas,Thomas Evans
Cold Nocturne Bitter Puzzle,Emma Phillips
Fire Canvas Midnight Companion The Paradox,Laura Taylor
Stone Anthology Blood Chronicle,Larry Marshall
Steel Convergence Frost Dominion,Andrew Reynolds
Blood Horizon Wild Covenant,Rebecca Murphy
Fox Voyage,Ryan Foster
Broken Asylum Wild Requiem Forgotten Fortress,Emily Black
Shadow Fortress Blood Encyclopedia,Amy Bell
Golden Framework Eternal Uprising Silver Enigma,Edward Jordan
Ancient Almanac,Nicholas Lopez
A Exodus Iron Palette,Timothy Mendoza
Wild Memoir Wild Awakening The Omnibus,Joseph Wright
Shadow Palette Shadow Palette,William Perez
Shadow Compendium Fire Pilgrimage Hidden Sonata,Emily Adams
Eagle Kingdom,Nicole Sanchez
Hollow Odyssey,Jonathan Powell
Eternal Legacy,Gregory Cooper
Bright Ballad,Daniel Parker
Dark Encyclopedia Bright Paradox Eagle Uprising,Deborah Ward
Lost Chronicle Lost Algorithm,Jerry Phillips
First Reader,Betty White
Deep Destiny,Mary Gray
Storm Sanctuary,Mark Harris
Bitter Genesis Dark Engine Silver Crusade,Dorothy Chavez
Iron Journal Glass Almanac Fire Signal,Jason Walker
Rising Crusade,Amanda Chavez
The Cipher,Katherine Watson
Last Dictionary,Ryan Cruz
Shadow Desert,Katherine Patel
Eternal Encyclopedia,Edward Cox
Shadow Uprising Fire Revelation Ancient Asylum,Scott Wood
Blood System Storm Destiny Secret Covenant,Samantha Brooks
Iron Fortress Secret Kingdom Stone Expedition,Timothy Burns
Frost Workbook Silver Prophecy Shattered Empire,Brandon Young
Forgotten Compass Raven Compendium,Helen Lee
Hidden Paradigm,Amy Ramos
Sacred Algorithm,Anthony Martinez
Wind Quest,Jack James
Midnight Mystery,Samuel Hernandez
Dragon Engine Steel Valley Raven Chronicles,Sandra James
Forgotten Atlas Fire Enigma,Christine Murphy
Blood Primer Stone Network Blood Secret,Nancy Simmons
The Sanctuary Lion Equation Eternal Memoir,Michael Torres
Hidden Dominion,Daniel Mills
Forgotten Calculus,David Barnes
Steel Puzzle Bitter Treatise Forgotten Core,Daniel Murphy
Hollow Expedition Iron Companion,Paul Tucker
First Signal,Timothy Nelson
Bright Core Silver Voyage,Maria Flores
A Network Cold Insurrection,Maria Kim
Fire Sanctuary Storm Covenant Ancient Network,Cynthia Ward
Hollow Algorithm Storm Overture,Elizabeth Bennett
Fire Sonata,Betty Flores
The Prophecy,Nicholas Myers
Wild Engine Wild Paradigm,Deborah Marshall
Steel Exodus Deep Awakening,Jessica Foster
Bitter Memoir Raven Journey Ancient Myth,Angela Marshall
Blood Framework Blood Covenant Steel Matrix,Jason Murphy
Iron Reckoning,George Davis
Shadow Enigma Ancient Trail Storm Enigma,Steven Murphy
Iron Exodus The Asylum Wolf Dominion,Samuel Foster
Fire Revelation Blood Journal,Jason Nelson
Ancient Labyrinth Silver Network,Emma Ward
Deep Inheritance Crimson Legend Tiger Paradox,Paul Turner
Wild Maze The Revelation Tiger Equation,James Harris
Wolf Engine,Shirley Coleman
Hollow Voyage Bitter Manuscript First Diary,Alexander Wright
Shadow Notebook,Nicholas Lewis
Wind Dictionary Broken Companion,Linda Campbell
Ancient Interface,Jeffrey Ramirez
Bitter Revelation Hollow Insurrection Last Odyssey,Emily Taylor
A Textbook Iron Finale,Gregory Sanchez
Lost Forest,Dennis Johnson
Iron Convergence Crimson Dictionary Blood Chronicle,Timothy Holmes
Shadow Nocturne Raven Tale,Nicole Barnes
First Story Burning Reader,George Perry
Glass Covenant Final Chronicle,Richard Smith
Lion Cipher Wind Requiem,Patricia Young
Midnight Anthology First Passage Glass Nocturne,Angela Bell
Falling Odyssey Iron Secret A Epopee,Jennifer Wood
Bright Workbook Stone Finale Wild Revelation,Brian Barnes
Shadow Haven Wind Matrix,Donna Roberts
Sacred Calculus Dark Legacy Shadow Inheritance,Joshua Mills
Bitter Expedition Golden Overture,Raymond Daniels
Forgotten Dictionary,Lisa Thompson
Cold Destiny,Christopher Wood
Wolf Desert Shattered Collection,Christine Bryant
Golden Destiny Fire Equation Silent Saga,Mark Spencer
Eternal Story Last Network Steel Journey,Sandra Edwards
Golden Island Silent Reckoning,Barbara Mendoza
Iron Journal Frost Asylum Wind Framework,Thomas Watson
Wind Odyssey Frozen Labyrinth,Emma Black
Serpent System,Jason Brooks
Phoenix Legacy Blood Primer,Susan Jenkins
Fire Canvas,Kenneth Nguyen
Eagle Primer Shadow Trail,Charles Reed
Frost Reckoning,Scott Brooks
Silver Odyssey Midnight Prelude,Benjamin Parker
Hollow Algorithm Lost Saga,Karen Turner
Phoenix Handbook Blood Enigma Lion Manuscript,Gary Powell
Tiger Fortress A Code,Carol Henderson
Iron Myth Raven Code Wild Exodus,Shirley Reed
Blood Memoir Blood Code,Richard King
Raven Enigma Serpent Labyrinth,Ryan Adams
Hidden Quest Blood Overture Hollow Enigma,Anthony Parker
Falling Legacy First Uprising Storm Enigma,Timothy Barnes
Eagle Revelation Lost Asylum Final Nocturne,Daniel Wilson
Silver Tale,Emma Fisher
Iron Protocol,Ashley Rodriguez
Forgotten Signal,Gary Cox
Stone Covenant Steel Algorithm Wolf Inheritance,Heather Graham
Last Ocean Iron Quest First Legacy,Jessica Robinson
Golden Equation,Samuel Burns
A Prelude,Emily Harris
Broken Matrix Iron Journey Frozen Legacy,Richard Wood
Fire Diary,Stephanie Garcia
Storm Equation Eternal Odyssey,Dennis Turner
Fox Chronicle Broken Notebook The Expedition,Kenneth Young
Hidden Atlas,Katherine Adams
Storm Collection,Dennis Rodriguez
Golden Calculus,Joshua Sanders
Bitter Core Shadow Odyssey Forgotten Horizon,Jennifer Shaw
Shadow Quest Hidden Equation,Frank Watson
Final Geometry Rising Haven Shadow Requiem,Donald Martinez
Sacred Horizon,Margaret Wright
Storm Encyclopedia Iron Ballad Midnight Legacy,Janet Henderson
Storm Collection,Kimberly Ross
Fox Exodus Wild Trail Silent Collection,Gregory Henderson
Sacred Atlas Eternal Forest Iron Memoir,Carolyn Myers
Shadow Geometry Stone Exodus Deep Sanctuary,Kenneth Fisher
A Anthology Eternal Mountain,Jessica Hunt
Storm Interface,William James
Silent Epopee Secret Mountain Sacred Handbook,Emily Williams
Last Primer,Timothy Clark
Broken Maze,Emma Marshall
Blood Myth,Rachel Hudson
Storm Mountain Stone Haven,Michael Baker
Raven System Broken Legend,Jack Hunt
Stone Protocol Iron Legacy Ancient Legacy,Debra Gordon
Sacred Legacy Sacred Algorithm Wind Forest,Michael Patel
Wolf Anthology Storm Kernel Fire Canvas,Nancy Vasquez
Phoenix Symphony Silver Valley,Emily Barnes
Fire Guidebook Frozen Inheritance Frozen Interface,Jerry Watson
Iron Revelation,Elizabeth Morris
Bitter Covenant,David Kelly
Shadow Legacy Cold Geometry Wind Destiny,Kathleen Dixon
Storm Odyssey Wild Prophecy Glass Journal,Catherine Johnson
Cold Legend Forgotten Convergence Stone Expedition,Lisa Rice
Broken Genesis,George Wright
Final Enigma Cold Theorem Last Revelation,Melissa Lewis
Storm Anthology Eagle Chronicle,Donna Kim
Hollow Garden Rising Odyssey,Jack Perkins
Rising Maze Steel Theory,Robert Graham
Serpent Finale Lost Ballad The Canvas,Kevin Kim
Crimson Chronicle Final Diary,Stephanie Price
Crimson Voyage,Gary Gomez
Blood Theory,Karen Bell
Shadow Chronicle,Karen Cook
Iron Signal,Melissa Kim
Cold Notebook Fire Forest,Susan Vasquez
Eagle Pilgrimage Bitter Requiem Final Journey,James Alvarez
Falling Reckoning Falling River Dark Destiny,Ronald Butler
Secret Reckoning Bitter Treatise Iron Forest,Jessica Butler
Storm Theorem Phoenix Legacy,Dorothy Perry
Wind System Hidden Reckoning Crimson Empire,Thomas Flores
Silver Prophecy Wolf Textbook,Michael Mendoza
Stone Legacy Cold Prelude,Donna Reed
Silent Compass Forgotten Sanctuary,Janet Burns
Forgotten Desert,Jerry Robinson
Blood Anthology Shadow Compass,Betty Bryant
Dragon Uprising Blood Analysis Glass Notebook,Matthew Hill
Golden Prophecy,Stephanie Martinez
Falling Enigma Cold Kingdom,Brandon Phillips
Lion Enigma,Timothy Sullivan
Frozen Workbook Shattered Tale Cold Prelude,Linda Burns
Steel Enigma Frozen Reckoning,Paul Sanders
Final Kernel Forgotten Mystery,Michael Campbell
The Enigma,Raymond Chavez
Hollow Sonata,Emily Sanchez
Broken Omnibus Shadow Protocol,Kevin Cox
Crimson Prophecy,Debra Grant
Secret Epopee,Jack Castillo
Wolf Paradigm Forgotten Ocean Rising Matrix,Barbara Ramirez
Iron Chronicle,Jennifer Carter
Fire Expedition,Richard Martin
Glass Story Frozen Nocturne Raven Companion,Jonathan Flores
Hidden Memoir,Rebecca Mills
Ancient Legend Fox Protocol Bright Chronicle,Sharon Moore
Deep Analysis Dragon Empire,Lisa Peterson
Hidden Island Dark Labyrinth Dragon Journal,Jack Jenkins
Storm Theory Eternal Genesis,Jeffrey Burns
Storm System Wild Mountain,Anthony Mitchell
Bitter Encyclopedia,Emma Williams
Steel Analysis Fire Library Frozen Primer,Donna Morgan
Golden Revelation Shattered Requiem Fire Textbook,Donna Hernandez
Sacred Desert Hidden Mountain Lion Enigma,Samuel Murphy
Fire Asylum,James Ruiz
Stone Framework Burning Insurrection Fire Garden,Patrick Wright
Fox Coast Burning Covenant,Benjamin Williams
Shattered Desert Broken Collection,John Black
Lion Crusade Wind Network Steel Collection,Benjamin Grant
Tiger Quest,Mark Wood
Rising Signal Sacred Expedition,Sandra Fisher
Sacred Prelude Silent Theorem,Nancy Hamilton
Tiger Manuscript,Matthew Perkins
Wind Notebook Steel River,John Richardson
Bear Manuscript,Ronald Carter
Sacred Exodus,Jason Morales
Steel Protocol Crimson Requiem,Janet Brown
Crimson Algorithm Last Empire Golden Prophecy,Maria Lopez
Forgotten Insurrection,Paul Torres
Stone Prophecy Dragon Legacy Dragon Crusade,Anna Gray
Silent Companion Hidden Prelude Raven Quest,Christopher Ward
Iron Sanctuary Forgotten Covenant,Anna Morgan
Fire Odyssey A Requiem Crimson Coast,Susan Burns
Sacred Odyssey Shattered Chronicles,Sandra Barnes
Sacred Fable Steel Valley,Mark Foster
Bear Reckoning Shadow Revelation Golden Handbook,Susan Reed
Eternal Saga Golden Epopee,David Lopez
Sacred Manuscript Cold Saga Stone Notebook,Gregory Henderson
Fox Labyrinth,Helen Kelly
Bear Uprising Midnight Hypothesis,Raymond Patel
Phoenix Genesis Dragon Odyssey,Karen Nguyen
Sacred System Bright Prelude,William Lewis
Cold Desert Sacred Dominion Burning Legacy,Nancy Foster
Burning Theorem Cold Overture,Frank Bell
Dragon Saga Hidden Compendium Last Kernel,Stephen Dixon
Fire Theorem Fire Guidebook Last Insurrection,Justin Butler
Wind Primer Blood Inheritance Forgotten Epopee,James Evans
First Nocturne,Sarah Lewis
Final Epopee,Heather Scott
Steel Paradox Eagle Kernel,Ashley Turner
Lost Requiem,Jessica Torres
Wind Chronicles Blood Core,Melissa Wilson
Crimson Exodus Iron Fortress A Enigma,George Torres
Forgotten Genesis,Mary Perkins
Sacred Notebook Iron Requiem,Catherine Robertson
Frozen Sonata Deep Tale Bright Prophecy,Andrew Lewis
Lost Reckoning,Nicole Hall
Bitter Legacy Wild Core Storm Trail,Stephen Gutierrez
Silver Maze Fire Guidebook Cold Fortress,Paul White
Last Legacy Frost Dictionary Wild Covenant,Mark Powell
Tiger Genesis,Frank Wallace
Burning Protocol Tiger Network,Lisa Wilson
Steel Core Falling Mountain,Susan Clark
First Saga,Patricia Morris
Bitter Crusade Eternal Dictionary,Scott Williams
Falling Companion Iron Reckoning,Donald Morgan
Wind Requiem,Larry Tucker
Lost Riddle,Barbara Richardson
Final River,Ronald Ramos
Burning Code,Patrick Alvarez
Blood Asylum,Kevin Sullivan
Silver Haven Silver Labyrinth A Network,Kathleen Martinez
Bitter Labyrinth Storm Palette,David White
Shattered Encyclopedia Phoenix Paradox Wolf Exodus,Nicholas Shaw
Stone Story Bright Prophecy Secret Island,George Gonzales
Fox System,Donald Turner
Stone Genesis Sacred Hypothesis Crimson Prophecy,Charles Richardson
Lion Inheritance Shadow Asylum Steel Riddle,Lisa Ramos
Eternal Desert,Pamela Sanders
Silent Exodus Broken Canvas,Kimberly Bryant
Raven Quest Steel Requiem,Jessica Perkins
Dark Protocol Serpent Valley,Stephanie Sullivan
Storm Prophecy Bright Protocol Silver Riddle,Melissa Perez
Deep Calculus Bright Garden Bear Convergence,Helen Anderson
Dragon Compendium Blood Legacy Sacred Uprising,Donna Long
Wind Cipher,Elizabeth Edwards
Lion Palette Shadow Dominion,Brian Wallace
Steel Symphony Crimson Insurrection,Nancy Ramirez
Wolf Voyage Falling Cipher,Kevin Taylor
Secret Finale Rising Nocturne,Joseph Bailey
Dark Sanctuary Iron Enigma,Samantha Diaz
Wind Reckoning Stone Network,Linda Castillo
Iron Dictionary Lost Dictionary,John Henderson
Ancient Manuscript Silent Paradox,William Peterson
Silent Horizon Lion Passage,Rebecca Rice
Shadow Library,Nancy Wilson
Fox Compass,Carol Kim
Falling Myth,Rebecca Tucker
Fire Exodus Blood Journey,Amanda Hudson
Tiger Legacy Storm Treatise,Elizabeth Adams
Sacred Secret Shadow Mystery The Labyrinth,Ryan Nguyen
Lion Mystery Golden Interface,Kimberly Holmes
The Passage Eagle Legacy Iron Passage,Samantha Adams
Dark Encyclopedia,Catherine Carter
Blood Genesis Stone Algorithm,Margaret Hughes
Falling Prophecy,Melissa Sanders
Frozen Maze,Nicholas Young
Shadow Trail Deep Module Final Fable,Anna Barnes
Raven Saga Golden Manuscript Steel Compass,Melissa Rivera
Stone Exodus Fire Journey Last River,Raymond Fisher
Hollow Haven Silent Uprising Silent Kingdom,Brandon Bell
Shadow Haven,Samantha Simmons
Iron Reckoning Shadow Island Serpent Kernel,Margaret Edwards
Storm Network Golden Treatise,Jacob Young
Dragon Palette Deep Signal,James Myers
Silver River,Paul Ortiz
Eagle Engine Storm Reader,James Coleman
The Chronicles,Karen Myers
Tiger Mystery Secret Revelation Wind Voyage,Donald Stone
Falling Code Eagle Enigma,Pamela Barnes
Iron System,Janet Hall
Fox Mystery Blood Fortress,Sharon Reyes
Fire Legacy,Nicholas Walker
Wind Code Eagle Library Eagle Fortress,Dorothy Evans
Silent Chronicles,Sharon Williams
Wolf Sanctuary A Revelation Wind Network,Patricia King
Iron Ballad Broken Reader,Katherine Cruz
Falling Compendium Wind Algorithm,Jerry Gutierrez
Lost Ocean Silent Paradox Iron Empire,Samantha Adams
Golden Canvas,Scott Young
Sacred River,Kimberly Campbell
Eternal Theorem,George Turner
Crimson Equation Dragon Empire,Edward Jackson
Iron Genesis Rising Kernel,Timothy Watson
Bright Exodus Broken Horizon The Manuscript,Raymond Perkins
Stone Reckoning Golden Story Final Overture,Brandon Palmer
Bitter Collection,Jessica Roberts
A Empire Blood Theory Raven Sanctuary,Margaret Sanders
Fox Encyclopedia,Patricia Wood
Shattered Insurrection,Janet Allen
Midnight Overture Falling Dominion,Brian Grant
Hollow Symphony Frost Theorem Cold Theory,Stephanie Roberts
Broken Treatise Storm Desert,Ronald Clark
Dragon Puzzle Bitter Atlas Wind Finale,Sharon Patterson
Stone Mountain Tiger Mystery,Helen Ramirez
Last Compass Falling Fable First Sanctuary,Laura Nelson
Silver Omnibus,Emma Sullivan
Stone Fable Wild Destiny,Joseph Campbell
Cold Diary Final Compendium,Elizabeth Parker
First Paradigm Sacred Riddle Golden Legacy,Kenneth Williams
Secret Dictionary Steel Secret Fox Workbook,Brenda Taylor
Hollow Dictionary Blood Encyclopedia,Susan Hawkins
Fire Genesis Wind Kernel,Debra Fisher
Tiger Mystery Falling Treatise,Michael Hunt
Dark Ocean Deep Chronicle,Jessica Jordan
Stone Enigma,Emma Foster
Wind Empire,Andrew Jones
Dragon Chronicle Steel River Hidden Protocol,Robert Hunt
Dark Tale Steel Kingdom Eternal Sonata,Richard Coleman
Frozen Ocean Burning Legend Wild Revelation,Brenda Watson
Glass Paradox Wild Horizon,Rachel Reynolds
Serpent Odyssey Eagle Paradigm,Helen Clark
Shattered Paradox,Mary Scott
Burning Journey,Mark Baker
Falling Framework,Jonathan Johnson
Lion Enigma Ancient Requiem Golden Paradox,Joshua Martin
Secret Network Midnight Revelation,Sarah Hamilton
Hidden Mystery,Charles Bell
Bright Odyssey Blood Reader Wind Prelude,Raymond Marshall
Burning Overture Shattered Dominion,Kimberly Ramos
Silent Fable Storm Compendium Shadow Atlas,Frank Martin
Shadow Labyrinth,Margaret Brown
Rising Symphony Tiger Matrix Falling Finale,Susan Mendoza
Tiger Theory,Kenneth Richardson
Steel Sanctuary Serpent Calculus Crimson Prophecy,Mark Sanders
Bright Theory Falling Cipher,Matthew Moore
Cold Genesis Storm Maze,Pamela Clark
Steel Crusade,Catherine Lewis
A Canvas,Nancy Morgan
Iron Passage,Amanda Ortiz
Storm Insurrection,Amanda Gonzales
Sacred Signal,Nicholas Gonzales
Secret Enigma Bright Mountain First Haven,Michael Ross
Cold Memoir Hollow Journal Wild Manuscript,Scott Peterson
Stone Theorem Blood Voyage Crimson Paradox,Samuel Murphy
Shattered Asylum,Michael Martinez
Midnight Reader Eternal Haven Midnight Handbook,Helen Russell
Wild Haven Shattered Forest,Amy Evans
Dragon Atlas,Brian Kelly
Stone Valley Wind Odyssey Crimson Diary,Nicholas Alexander
Frozen Reader Bitter Riddle Storm Fortress,Lisa Mitchell
Fox Trail Sacred Prophecy,Christine Bryant
Secret Empire Broken Garden,Elizabeth Baker
Raven Legacy Stone Fable Iron Odyssey,Gary Murphy
Golden Requiem Tiger Kingdom,Larry Howard
Blood Analysis,Lisa Nguyen
Crimson Labyrinth,Jack Bennett
Shadow Myth Fire Collection,Raymond Harvey
First Canvas The Fable,Joshua Bennett
Wolf Overture Golden Mountain Storm Empire,Charles Bell
Shadow Paradox,Amanda Dixon
Forgotten Voyage,George Evans
Silent Memoir Last Crusade Midnight Passage,Shirley Hall
Storm Myth Bear Chronicle,Ronald Coleman
Frozen Journal Dark Story,Brandon Young
Dragon Trail Wind Legend,Andrew Lewis
Shadow Enigma,Cynthia Hill
Hollow Exodus Frozen Finale Hollow Sanctuary,Donna Brown
Dark Encyclopedia Hollow Odyssey,Michael Marshall
The Voyage Final Odyssey,Michael Cook
Final River,Tyler Ramos
Wolf Sanctuary Silent Mountain Sacred Treatise,Sharon Lee
Shattered Reckoning Iron Fable,Ashley Foster
Wild Haven Fox Library,Joshua Richardson
Wind Journey,Gregory Chavez
Hidden Companion Ancient Destiny Deep Companion,Joshua Ward
Frozen Palette,Anna Campbell
Dragon Journey Crimson Requiem,Shirley Simmons
Burning Analysis Storm Ballad Steel Fable,Jason Wallace
Deep Palette A Chronicles,Jerry Butler
Raven Requiem,Brandon Cox
Iron Theory,Melissa Allen
Fire Coast Lost Code Hidden Protocol,Christine Johnson
Phoenix Canvas Eagle Enigma,David Anderson
Eagle Crusade Secret Asylum,Donna Dunn
Blood Chronicle Lion Labyrinth,Jessica Burns
Fire Enigma Blood Atlas Blood Paradox,Brenda Hunt
Shattered Sanctuary,Joshua Richardson
The Finale Glass Companion Golden Fortress,James Flores
Bear Chronicle Blood Asylum Forgotten Atlas,Susan Bryant
Eagle Calculus,Jeffrey Powell
Golden Horizon,Stephanie Tucker
Tiger Textbook,Anna Gutierrez
Storm Pilgrimage Serpent Odyssey Cold Enigma,Samantha Garcia
Sacred Reader,Lisa Burns
Blood Companion Iron Prelude Hollow Island,Christine Sanchez
Shadow Framework Shadow Ocean Wild Matrix,Rachel Ramirez
Deep Core Sacred Destiny,Andrew Hamilton
Wind System,Mary Adams
Dark Quest Dark Fable,Sarah Wallace
Steel Ocean The Fortress Final Analysis,Nicholas Turner
Fox System Silver Sanctuary,Daniel Hill
Steel Tale Steel Requiem,Emily Cox
Eternal Overture Last Sonata,Nicole Campbell
Fire Calculus Wolf Library Hidden Secret,Emma Adams
Iron Protocol Eternal Requiem,Patricia Green
Crimson Crusade,Amy Bryant
Raven Workbook Wolf Textbook,Susan Hall
Fox Matrix Raven Kernel Eternal Labyrinth,Brandon Cook
Dark Exodus,Jeffrey Myers
Iron Destiny Broken Secret Crimson Passage,Timothy Wright
Wind Companion Falling Omnibus Shadow Pilgrimage,Gregory Kelly
Falling Exodus,Sharon Robertson
Silent Chronicles,Benjamin Harris
Dark Requiem,James Castillo
Wind Exodus Secret Diary,Debra Robertson
Falling Almanac Wind Nocturne,Nicholas Price
Glass Requiem Phoenix Fortress,Jeffrey Barnes
Last Exodus Wind Revelation Hidden Horizon,Richard Walker
Shattered Enigma Stone Chronicle,John Edwards
Eagle Omnibus Last Ballad,William Green
Eternal Reader Serpent Analysis,Michelle Perry
Lost Reckoning Iron Sonata Ancient Destiny,Robert Gray
Ancient Companion Secret Labyrinth,Sarah Evans
Tiger Chronicle Raven Labyrinth Forgotten Theorem,Elizabeth Dunn
Blood Awakening Final Exodus Deep Revelation,Stephen Alexander
Midnight Convergence,Susan Martinez
Silver Handbook Steel Myth,Sharon Alexander
Dragon Guidebook A Covenant,Patricia Gomez
Stone Network Storm Kingdom Storm Overture,Michael Jimenez
Blood Legacy Cold Compass,Stephen Scott
Bright Chronicle,Brandon Patel
Falling Story Cold Covenant,Donald Reyes
Iron Legacy,Sandra Bell
Raven Requiem Phoenix Prophecy Lion Anthology,Linda Martin
Hidden Pilgrimage,Nancy Reed
Burning Myth,Nicole Morales
Hidden Signal Iron Odyssey,Raymond Martin
Ancient Atlas,Amy Alvarez
Bright Labyrinth,George Grant
Lion Compendium Blood Forest,Kenneth Daniels
Crimson Enigma Final Module Fire Finale,Emily Lee
Hidden Workbook,Michelle Grant
Golden Paradigm,Patrick Torres
Forgotten Pilgrimage,Katherine Reynolds
A Hypothesis,Robert Cooper
Iron Matrix Frozen Insurrection,Linda Bailey
Last Theorem A Network Last Quest,Jennifer Edwards
Last Diary,Raymond Gonzales
Lost Maze Dark Myth A Tale,Kimberly Parker
Secret Journey,Jason Anderson
Storm System,Patrick Kelly
Steel Core Wind Library Bitter Network,Cynthia Stewart
The Desert,Debra Peterson
Forgotten Coast,Carol Hudson
Dark Ocean First Forest,Raymond Cook
Phoenix Prophecy Golden Maze Wind Secret,Kimberly Rivera
Steel Kingdom Bright Legacy,Cynthia Martinez
Iron Encyclopedia Deep Covenant,Justin Lee
Fox Riddle Eternal Pilgrimage,Nancy Gutierrez
Ancient Theorem Hidden Guidebook,Benjamin Hall
Lion Paradox,Sandra Robinson
Dark Diary Storm Calculus Lion Pilgrimage,Justin Brooks
Storm Guidebook,Linda Gutierrez
A Fable Fire Requiem,Scott Stewart
Crimson Genesis Silver Quest,Joseph Burns
Forgotten Atlas,Dorothy Hudson
Eagle Engine Eternal Compass,Andrew Torres
Burning Epopee,Kevin Sullivan
First Sonata Hollow Destiny Bitter Framework,Jennifer Howard
Iron Chronicles,Susan Diaz
Silver Geometry Dragon Legend,Margaret Long
Dark Labyrinth Last Revelation Eternal Handbook,Larry Ramos
Iron Kernel Fire Odyssey Serpent Enigma,Nicole Gibson
Blood Pilgrimage Burning Forest Falling Coast,Ashley James
Phoenix Epopee,Sandra Reynolds
Frost Asylum Blood Reader,Jeffrey Sullivan
Silent Fable Storm Calculus,Elizabeth Castillo
Iron Guidebook Bright Kernel Shattered Legacy,Jonathan Morales
Storm Requiem Stone Library,Diane Kelly
Burning Chronicle Silent Interface,Rebecca Reeves
Wind Theorem,Benjamin Gomez
Bear Trail,Mary Nelson
Deep Garden,Maria Grant
Iron Haven Hidden Reckoning Eagle Voyage,Patricia Nelson
Hidden Theory,Shirley Jimenez
Final Legacy Wild Reader,Carolyn Ramos
Secret Tale,Emma Ramirez
Dark Exodus Frost Fable Bright Interface,Benjamin Jordan
Eagle Journey Hollow Prelude Blood Destiny,Janet Campbell
Wolf Geometry Silent Labyrinth Fox Chronicle,Emma Patel
Steel Trail Last Secret Bright Manuscript,Angela Bailey
Shattered Horizon,Amy Mendoza
Wind Geometry,Jason Kelly
Last Mystery Raven Manuscript,Charles Hernandez
Bear Almanac Cold Desert Wind Riddle,Richard Ruiz
Bitter Chronicle Hollow Ocean,Gary Vasquez
Bear Revelation,Andrew Gutierrez
Raven Crusade Shattered Desert Sacred Asylum,Anthony Grant
Raven Revelation A Convergence Fox Memoir,James Marshall
First Atlas,Andrew Hudson
Wind Quest Blood Legacy,Ryan Ramos
Fire Chronicle,Jeffrey Gonzales
Ancient Inheritance Lion Requiem,Emily Robinson
Phoenix Revelation Frost Primer,Janet Martin
Bitter Calculus Secret Ocean,Ryan Gordon
Wolf Exodus Fire Riddle Fox Awakening,Sharon Sanchez
Dragon Mystery Falling Awakening Iron Legacy,Ashley Scott
Last Primer Storm Treatise Ancient Sonata,Karen Harvey
Wind Hypothesis,Andrew King
Iron Inheritance,Eric Diaz
Cold Fortress,Gary Stone
Rising Manuscript Dark Kernel Blood Garden,Brandon Ross
Iron Textbook Iron Myth Iron Notebook,Joshua Reyes
Shadow Finale Shadow Code,Scott Alvarez
Iron Coast Crimson Primer Golden Valley,Rebecca Patterson
Forgotten Core Golden Manuscript,Cynthia Brooks
Golden Legend Blood Signal Fire Legacy,Heather Tucker
Stone Module Storm Textbook,Patricia Howard
Silver Encyclopedia Bear Interface,Linda Hawkins
Ancient Mystery Deep Code,Jeffrey Henderson
Ancient Enigma Midnight Finale,Janet Cruz
Iron Requiem Frozen Expedition,Edward Cruz
Bear Genesis Fire Atlas Wolf Reckoning,Brandon James
Stone Empire,Patrick Garcia
Silent Saga Final Sanctuary,Katherine Gonzalez
Rising Epopee Fire Treatise Bitter Signal,Carolyn Collins
Phoenix Exodus First Chronicle,Edward Parker
Wind Anthology The Awakening Serpent Empire,Dennis Rice
Silver Signal,Diane Harvey
Bitter River,Joshua Miller
Iron Anthology,Robert Cooper
Golden Algorithm Steel Cipher Hidden Mountain,David Martin
Silver Engine,John Brown
Eagle Labyrinth Crimson Code Falling Puzzle,Tyler Chavez
Silver Empire Frozen Ocean,Ryan Phillips
Ancient Sonata,Timothy Howard
Silent Primer Deep Desert,Kathleen Reed
Fire Calculus Forgotten Network A Hypothesis,Janet Powell
Raven Crusade Bright Handbook,Pamela Miller
Wolf Workbook Bright Framework,Kathleen Dunn
Steel Puzzle,Kevin Torres
Silent Asylum Storm Revelation Rising Equation,Emma Murphy
Sacred Protocol,Brandon Bryant
Wind Workbook Lost Theorem Ancient Module,Michelle Gray
Dark Secret,Frank Dunn
Deep Chronicle Midnight Almanac Raven Equation,Anna Dixon
Steel Textbook Burning Palette,Alexander Tucker
Storm Revelation Crimson Core Blood Genesis,Timothy Allen
Bitter Odyssey,Lisa Gomez
Lion Asylum Dark Core,Amy Baker
Phoenix Finale Hidden Kernel Wild Legacy,Donna Walker
Hollow Mountain Blood Secret,Brandon Myers
Steel Genesis Sacred Island Blood Atlas,Brandon Myers
Stone Omnibus Iron Palette Rising Chronicle,Catherine Wright
Blood Nocturne,Mary Brooks
Broken Labyrinth Iron Fortress,James Richardson
Falling Companion Blood Asylum Fire Canvas,Kevin Harris
Glass Symphony,Scott Green
Final Handbook,Brian Brown
Midnight River,Jason Ward
Glass Protocol Ancient Companion,Elizabeth Flores
Wind Encyclopedia,Emily Rivera
Wind Uprising Hidden Matrix,Kevin Spencer
Stone Ocean Phoenix Nocturne Rising Revelation,James Reyes
Silent Enigma,Charles Nelson
Lion Odyssey Burning Genesis,Michael Scott
Phoenix Pilgrimage Cold Sonata Burning Labyrinth,Nicholas Walker
Storm Code,Timothy Foster
Iron Fable Frozen Mystery Blood Revelation,Nicole Diaz
Iron Desert,Carolyn Torres
Storm Quest Shadow Omnibus,Debra Walker
Fox Journey Steel Myth Broken Chronicles,George Wallace
Final Core Rising Journal Last Paradigm,Daniel Williams
Bright Epopee,Shirley Roberts
Iron Puzzle,Kevin Harris
Ancient Analysis The Mountain,Robert Peterson
Iron Signal Dark Omnibus Midnight Covenant,Pamela Davis
Iron Trail Shadow Covenant Iron Uprising,Robert Patel
Glass Sanctuary,Alexander Rivera
Silent Kernel,Jessica Anderson
Iron Labyrinth Burning Asylum,Anna Bailey
Steel Kingdom,Kevin Brooks
Bitter Protocol Blood Prophecy Shadow Protocol,Rebecca Thomas
Falling Analysis,Charles Morgan
Broken Quest,Jennifer Peterson
Falling Calculus Deep Covenant Iron Odyssey,Michelle Peterson
Final Chronicle Secret Symphony Wind Inheritance,Larry Graham
Golden Dominion,Nancy Thompson
Burning Empire,Jerry Baker
Rising Paradigm,Ryan Lee
Forgotten Maze Eagle Journal Frost Prophecy,Michelle Wilson
Fire Valley Broken Desert,Sarah Dunn
Deep Handbook Eagle Journal,Paul Phillips
Hollow Library,Rachel Vasquez
Silent Equation Final Protocol,Brian Holmes
Eagle Revelation Dark Matrix,Karen Black
Rising Journey Final Valley Rising Story,Rachel Ramos
Eagle Forest Silent Theory Wolf Almanac,Kimberly Parker
Ancient Reckoning Golden Diary,Jacob Scott
Iron Secret First Algorithm,Raymond Rodriguez
Blood Uprising Iron Ballad,Mary Green
Iron Saga Secret Haven,Nancy Alvarez
Bitter Symphony Fire Diary,Dennis Garcia
Phoenix Trail Iron Journey,Janet Perry
Eagle Compendium Ancient Paradigm,Scott Gray
Storm Cipher Frozen Convergence,Sandra Reeves
Deep Compass,Heather Morgan
Wild Destiny Bitter Theory Bitter Horizon,Scott Rice
Wind Requiem,Thomas Bennett
Silent Puzzle,Diane Torres
Steel Signal Bitter Canvas,James Nguyen
Bear Covenant,Joshua Ward
Broken Textbook,Anthony Fisher
Wind Compendium,Karen Stone
The Prelude Bitter Legend,Richard Gibson
Storm Code Blood Dictionary Iron Algorithm,Cynthia Morales
Last Legacy,Kenneth Wright
Wolf Enigma Fox River,Gregory Henderson
Wild Exodus Final Equation Shadow Chronicles,Mark Rivera
First Epopee,Carol Ramos
Glass Signal,Elizabeth Collins
Shadow Journal,Jennifer Diaz
Cold Dominion Secret Matrix,Katherine Campbell
Sacred River Frozen System,Gregory Tucker
Ancient Kernel,Daniel Adams
Storm Crusade Steel Insurrection,Brian Sanchez
Lion Protocol Phoenix Prophecy Bitter Mystery,Thomas Spencer
Last Trail The Finale Steel Cipher,Jason Wilson
Cold Library Frost Asylum,Nicole Jordan
First Nocturne Fire Saga Serpent Protocol,Joseph Rivera
Fire Matrix Lion Revelation,Karen Johnson
Fire Library Falling Theory,Brandon Reynolds
Lost Palette Hollow Convergence,Jessica Marshall
First Paradox Bear Framework,Steven Henderson
Storm Coast Wolf Chronicles,Anna Morgan
Hollow Ballad,Rebecca Jones
Burning Horizon Iron Awakening,Scott Lewis
Wind Awakening Fire Signal,Ashley Hall
Fire Asylum,Thomas Nguyen
Shadow Voyage Fox Ocean Final Canvas,Frank Morales
Tiger Canvas Dark Genesis Burning Paradigm,Robert Nguyen
Wind Haven Last Theory Wind Revelation,Carol Cox
Wild Empire Broken Collection,Patrick Lee
Golden Memoir Wind Library,Joshua Gordon
Serpent Compendium Blood Paradox First Nocturne,Margaret Fisher
Frost Diary Midnight Analysis,Christine Lopez
Wild Notebook Storm River Midnight Chronicle,Edward Turner
Dragon Engine,Raymond King
Midnight Palette Stone Mystery,Richard Cruz
A Enigma,Mark Taylor
Hollow Canvas Iron Kernel Iron Chronicle,Anna Jimenez
Storm Prophecy Secret Story,Kenneth Ruiz
Sacred Palette Serpent Hypothesis,Anthony Hunt
Bitter System Ancient Protocol Dark Revelation,Benjamin Harvey
Final Insurrection Rising Framework Frozen Island,Dennis Watson
Storm Symphony A Sanctuary,Helen Nelson
Final Voyage Deep Empire Raven River,Brenda Marshall
Last Prophecy,Timothy Young
Wild Encyclopedia,Margaret Lewis
Hollow Manuscript Lion Fortress Wolf Cipher,Stephen Sullivan
Raven Encyclopedia Deep Desert,Kenneth Castillo
Crimson Mystery Silver Code Shattered Protocol,Amy Graham
Tiger Passage Bitter Manuscript,Stephanie Kelly
Fire Saga,Maria Graham
Broken Haven Last Kernel Deep Module,Matthew Davis
Shattered Requiem Glass Analysis Silent Interface,John Wood
Forgotten Genesis Wind Sonata Storm Dominion,Melissa Garcia
Stone System Storm Geometry Lion Memoir,Christopher Hamilton
Wind Reader Broken Sonata,Carolyn Phillips
Hidden Coast Eternal Destiny,Anthony Spencer
Steel Compendium Storm Quest,Donald Rivera
Silver Reckoning Phoenix Chronicle,Christopher Morales
Wind Fortress The Reckoning,Debra Sullivan
Iron Matrix Eternal Engine Ancient Chronicle,Carolyn Hunt
A Pilgrimage Iron Labyrinth Hollow Signal,Patrick Hernandez
Wild Geometry Iron Pilgrimage,Jason Young
Sacred Garden,Maria Adams
Wind Revelation,George Bell
Secret Paradox Forgotten Overture Rising Garden,Richard James
Blood Exodus Steel Equation Raven Compendium,Dennis Gutierrez
Hollow Quest Secret Passage,Rachel Gutierrez
Midnight Awakening Raven Requiem Sacred Valley,Patricia Cruz
Wind Epopee Fire Island,Michelle Green
Iron Maze Iron Pilgrimage Storm Coast,Karen Allen
Stone Island,Deborah Rogers
Shattered Destiny Serpent Dictionary Iron Labyrinth,Charles Brown
First Geometry Frost Protocol,Kathleen Baker
Steel Sanctuary Iron Analysis,Kenneth Holmes
Last Finale Steel Revelation,Shirley Tucker
Iron Network,Mary Taylor
Shattered Puzzle Rising Handbook,Karen Bailey
Wolf Chronicle Steel Treatise Final Hypothesis,Ryan Perkins
The Guidebook Frost Companion First Reckoning,Stephanie Sanchez
Silver Fortress Midnight Revelation,Linda Patterson
Blood Anthology Forgotten Collection Phoenix Notebook,Frank Morales
Blood Trail,Daniel Hernandez
Midnight Desert Silent Journal Wind Sanctuary,Thomas Holmes
Lost Almanac Shattered Compendium,Justin Adams
Steel Haven Fire Enigma,Kenneth Jackson
Iron Asylum,Jeffrey Perez
Falling Haven Fire Encyclopedia,Scott Harvey
Wind Legacy Iron Voyage,Joseph Simmons
Falling Trail The Omnibus Raven Interface,Scott Cooper
Iron Manuscript Secret Calculus,Kathleen Gordon
Steel Horizon Ancient Anthology,Carol Peterson
Storm Analysis Frozen Pilgrimage Golden Notebook,Gary Johnson
Fox Geometry Iron Theorem,Christopher Rivera
Raven Voyage,Gregory Cox
Lion Quest,Carol Black
Falling Crusade,Maria Reyes
Frozen Analysis,Michelle Brooks
Iron Uprising Storm Horizon Glass Almanac,Pamela Flores
Bitter Memoir Wolf Signal,Tyler Baker
Glass Fortress,Dorothy Shaw
Steel Engine Wolf Forest,Sandra Ortiz
Serpent Labyrinth First Enigma,Michelle Bennett
Final Riddle Bright Maze Cold Code,Maria Coleman
Raven Protocol,Linda Sullivan
Steel Requiem Steel Ocean,John Phillips
Shadow Collection,Donna Myers
Burning Compass,Diane Ross
Storm Companion Phoenix Encyclopedia,Helen Ramos
Serpent Ocean Crimson Genesis,Ashley Adams
Wind Prelude Wind Sonata,Jennifer Jimenez
Fire Finale Forgotten Desert Stone Algorithm,Linda Sanchez
Iron Story,Emily Black
Bright River Golden Sonata,Sarah Jackson
Wolf Module Tiger Labyrinth,Karen Kim
Falling Inheritance Bright Compendium Burning Library,Brenda Robertson
Blood Empire Hidden Fortress,Tyler Watson
Fox Expedition Frost Dictionary,Nancy Chavez
Shattered Canvas First Saga,Betty Gutierrez
Stone Empire Hidden Chronicle,Samuel Bell
Wild Finale Phoenix Paradox,Shirley Thomas
First Kingdom Wind Journey Dark Calculus,Dorothy Black
Hollow Saga Iron Fortress,Jack Martin
Silent Reckoning Fire Fortress Phoenix Theory,Barbara Hudson
Glass Journal Raven Exodus,Jerry Gonzales
Steel Passage Bear Labyrinth,Katherine James
Broken Tale,Ryan Robertson
Frost Voyage Bear Empire Wild Coast,James Jimenez
The Handbook,Dorothy Barnes
Ancient Handbook,Justin Wood
Steel Companion Wolf Fable Fox Sanctuary,Matthew Nguyen
Frozen Notebook,Richard Miller
Stone Convergence Wolf Legacy Fire Myth,William Wood
Shattered Almanac Falling Labyrinth,Christopher Henderson
Shattered Encyclopedia Wolf Fable,Patricia Scott
Golden Algorithm A Quest,Catherine Turner
Lost Expedition Bright Cipher,Betty Evans
Iron Odyssey Silent Covenant,Nicholas Adams
Blood Odyssey Bitter Almanac Golden Equation,Jack Alvarez
Burning Engine Falling Almanac Silent Calculus,George Alexander
Silver Reckoning Steel Kingdom,James Ross
Wild Haven Final Epopee,Michelle Taylor
Serpent Horizon Shattered Insurrection,Katherine Jimenez
A Ocean Wind Secret,Jennifer Torres
Broken Legacy,Thomas Shaw
Hidden Sonata,Maria Martinez
Stone Almanac,Jack Ramos
Glass Engine Tiger Fortress,Rebecca Hall
Blood Labyrinth,Jack Campbell
Bear Reckoning Dragon Exodus,Patricia Dixon
Frozen Protocol,Benjamin Myers
Glass Secret A Chronicles,Kevin Davis
Dark Paradox Deep Requiem,Anna Long
Wind Revelation Bitter Haven The Myth,Mark White
Eternal Reckoning Iron Palette,Rebecca Black
Hidden Odyssey Frozen Nocturne,Jacob Rogers
Burning Protocol,Brandon Harris
Shadow Treatise Hidden Primer,Angela King
Shattered Insurrection,Catherine Harris
Wild River Bear Uprising Forgotten Handbook,Steven Mitchell
Shadow Labyrinth Secret Palette Shadow Forest,Maria King
Cold Paradigm Shadow Enigma,Justin Rodriguez
Fox Matrix Iron Paradox Dragon Treatise,Nancy Brown
Iron Reckoning,Diane Stewart
Wild Secret,Mary Hudson
Iron Legend Falling Protocol,Laura Diaz
Glass Garden Fire Pilgrimage,Jessica Bailey
Wolf Theory Secret Tale Fox Diary,Steven Mendoza
Wolf Trail Shadow Asylum,Christine Mendoza
Ancient Sanctuary Dragon Protocol Cold Chronicles,Anna Allen
Shattered Canvas,Joseph Walker
Fire Coast Hidden Legend Frozen Passage,Sharon Grant
Lion Calculus,Nancy Jenkins
Falling Paradox Eagle Primer Wolf Kingdom,Betty Price
Stone Labyrinth Wind Paradox Phoenix Epopee,Anna Collins
Blood Genesis First Fortress Crimson Genesis,Samantha Edwards
Sacred Core Serpent Companion Midnight Paradox,Stephanie Ramos
Fox Kernel Fox Nocturne,Cynthia Chavez
Wind Horizon,James Martin
Fire Puzzle Rising Fortress,Linda Bell
Sacred Overture,Christopher Morales
Dragon Fortress Steel Kernel,Ronald Roberts
Eagle Myth,Elizabeth Edwards
Hidden Cipher Golden Labyrinth,Anthony Simmons
Storm Ocean,Maria Wood
Iron Chronicle,Eric Richardson
Crimson Sonata Shattered Pilgrimage Frozen Odyssey,Anna Reynolds
Eternal Story,Paul Hernandez
Eagle Collection Golden Symphony,Jason Baker
Blood Finale Raven Island Shattered Uprising,Barbara Castillo
Lion Theorem,Rachel Gonzales
Lost Uprising Lion Desert,Patrick Peterson
Iron Geometry Secret Kernel,Christine Cook
Silent Prophecy Crimson Finale,Ashley Hunt
Iron Journey,Christine Morgan
Wolf Finale,Brenda Dunn
Stone Network Dark Crusade,Emma Sanchez
Crimson Chronicle Raven Reader First Kernel,Ronald Hernandez
Steel Pilgrimage Serpent Canvas,Pamela Holmes
Wild Voyage,Christine Miller
Wind Notebook,Patricia James
Hollow Module,Patricia Reynolds
Final Legend Final Anthology,Emily Patterson
Burning Canvas,Rachel Ortiz
Rising Secret,Jack Perry
Wolf Covenant Serpent Hypothesis,Barbara Bennett
Glass Guidebook Burning Maze,Richard White
Wild Riddle Glass Hypothesis Iron Diary,Dennis Ross
Ancient Finale,Brian Gray
Fox Epopee Raven Fortress,Lisa Chavez
Golden Journal,Justin Richardson
Blood Coast Raven Manuscript Wild Genesis,Betty White
Fire Protocol,Kimberly Nguyen
Secret Fable Wild Destiny Last Uprising,Jack Ramos
Wind Insurrection Burning Handbook Bright Convergence,Ashley Mills
Shadow Ocean,Patricia Hunt
Eagle Primer,Ashley Edwards
Steel Encyclopedia Sacred Prophecy,Donna Morales
Serpent Overture,Jeffrey Coleman
Storm Memoir Deep Diary Serpent Cipher,Benjamin Spencer
Frost Library Fire Protocol,Kimberly Gonzales
First Textbook Burning Ballad,Elizabeth Wright
Lion Anthology Dragon Legacy,Richard Reeves
Iron Riddle Crimson Guidebook Wind Myth,Carolyn Grant
Steel Forest,Pamela Wilson
Glass Pilgrimage Shadow Journey,William Baker
Storm Expedition,Brenda Anderson
Iron Enigma Eternal Fable,William Peterson
Ancient Destiny Fire Equation Cold Destiny,Ronald Parker
Bright Puzzle Fire Labyrinth Secret Workbook,Larry Burns
Sacred Riddle Lion Chronicle,Brandon Wilson
Raven Ballad Iron Chronicle Wolf Exodus,Brandon Taylor
Deep Exodus Wind Memoir Forgotten Manuscript,Nancy Davis
Shadow Chronicle Secret Inheritance Crimson Protocol,Pamela Jimenez
Last Nocturne Hidden Story,Nancy Harris
Final Manuscript Fire Voyage,Steven Dixon
Broken Library,Stephanie Phillips
Final Revelation,Carol Jordan
Blood Collection,John Thomas
Lost Paradigm Crimson Revelation The Prophecy,James Wood
Frozen Destiny Phoenix Paradigm,William Hall
Iron Hypothesis,Nancy Black
Final Asylum,Debra Flores
First Manuscript Fox Pilgrimage Fire Manuscript,Nicholas Hill
A Awakening Fire Chronicle,Michelle Howard
Final Notebook,Emma Shaw
Fox Haven,Amy Roberts
Sacred Tale Steel System Dragon Expedition,Joseph Grant
Secret Anthology,George Torres
Tiger Equation,Matthew Russell
Final Labyrinth,Kathleen Sanchez
Silent Secret Blood Code Raven Companion,Andrew Chavez
Bright Treatise,Donna Barnes
Cold Algorithm Silent Equation,Patricia Marshall
Burning Overture,Brandon Jimenez
Shadow Valley Wolf Covenant,Shirley Hernandez
Silent Maze,Emma Hudson
Broken Riddle Frost Paradox Fire Destiny,Michael Cox
Falling Fable Fire Enigma,Debra Fisher
Silver Manuscript Silver Framework Storm Requiem,Margaret Sanchez
Broken Primer Fire Mystery,Elizabeth Evans
Rising Prophecy Dark Network,Anthony Robinson
The Reader Shadow Chronicle,Daniel Jimenez
First Cipher,Jennifer Flores
Stone Anthology,Helen Gutierrez
Storm Puzzle Rising Mountain,Edward Williams
Tiger Module Last Desert,Matthew Harvey
Stone Legacy Iron Signal,Jennifer Patterson
Shadow Handbook,Elizabeth Robinson
Bitter Equation,William Campbell
Burning Genesis Frost Collection Storm Signal,Andrew Black
Hollow Library Crimson Chronicle,Ronald Phillips
Storm Hypothesis,Betty Allen
Dark Sonata Iron Crusade Golden Guidebook,Robert Jimenez
Silent Fortress,Donald Fisher
First Pilgrimage Frost Paradox Bright Convergence,Raymond Ramos
Wolf Almanac,Patrick Brooks
Wind Prophecy,Karen Mendoza
Broken Myth Steel Companion,Samuel Anderson
Last Sanctuary Hollow Calculus,William Edwards
Iron Memoir,Kevin Vasquez
Lion Pilgrimage,William Morales
Blood Valley Storm Exodus Sacred Mystery,Linda Lewis
Eternal Interface Blood Kingdom Glass Revelation,Patrick Chavez
Dark Paradox Fox Uprising,Debra Reyes
Last Odyssey,Larry Anderson
Wolf Chronicle Serpent Handbook,Maria Martinez
Fire Exodus A Nocturne Wind Matrix,Andrew Jimenez
Frost Textbook Storm Equation,Brandon Cook
Iron Trail Iron Sanctuary,Ryan Black
Shattered Paradox Hollow Covenant,Deborah Rogers
First Empire,Sharon Kim
Dark Canvas,Edward Daniels
Wild Legacy,Benjamin Price
Wild Kernel,Rebecca Hamilton
Bright Quest Last Palette First Tale,Dorothy Perry
Wind Atlas,Ashley Parker
Falling Memoir Lion Protocol Fox Palette,Stephen Sullivan
Steel Maze Rising Code,Charles Gibson
Fire Passage,Joshua Bell
Falling Encyclopedia,Carol Grant
Shadow Matrix,Eric Gonzales
Bright Chronicles,Frank Evans
Wind Covenant Midnight Sanctuary,Samuel Perry
Dragon Treatise Sacred Module Burning Symphony,Ashley King
Burning Awakening Storm Asylum,Tyler Taylor
A Legacy,Michael James
Burning Ballad,Betty Hill
Frozen Sanctuary,George Watson
Fox Expedition Iron Tale Fire Covenant,Donna Cox
Phoenix Fortress,Karen Adams
Golden Interface Bitter Sonata,Rachel Bailey
Serpent Anthology Golden Enigma Bright Asylum,Dennis Hernandez
Bear Network,Jacob Ross
Bitter Empire Iron Epopee,Jeffrey Hudson
Bright Empire,Gary Perkins
Bear Tale Silent Framework,William Rivera
Glass Horizon,Gregory Powell
Golden Treatise,Samantha Chavez
Fire Insurrection Final Theorem,John Coleman
First Omnibus,Matthew Gordon
Blood Chronicles Shadow Mystery,Lisa Wilson
Forgotten Maze Ancient Expedition Cold Tale,Jennifer Cooper
Raven Canvas Shadow Revelation Secret Reckoning,Thomas Williams
Wind Kingdom Frozen Network Falling Sonata,Timothy Jimenez
Blood Mountain,Rachel Long
First Theory Serpent Core,Edward Mendoza
Final Library,Stephen Roberts
Hollow Forest Silent Passage,Christine Perez
Burning Geometry Fox Asylum A Legacy,Maria Ramirez
Eternal Manuscript,Melissa Taylor
Wind Textbook,Heather Thompson
The Prophecy,Jack Mendoza
Eternal Sanctuary Iron Canvas Iron Chronicle,Tyler Ramirez
Golden Covenant Fire Requiem Falling Revelation,Nancy White
Silent Odyssey Cold Workbook Rising Paradox,Carolyn Lee
Burning Memoir Iron Treatise,Alexander Hunt
Fire Diary Iron Valley Wind Labyrinth,Jeffrey Mitchell
The Revelation Broken Treatise Ancient Paradox,Anna Spencer
Blood Odyssey,Rachel Martin
Broken Secret,Dennis Collins
Wild Coast,Scott Bell
Iron Valley Rising Compass Ancient Legend,Jack Morris
The Omnibus Hollow Exodus Eternal Labyrinth,William Hunt
Fox Labyrinth Glass Voyage,David Patterson
Frost Inheritance,Kenneth Castillo
Storm Sanctuary Wind Garden Wind Mystery,Laura Alvarez
Phoenix Prelude First Hypothesis Frozen Equation,Kenneth Palmer
Falling Guidebook Iron Revelation Dark Fable,Edward Wallace
Burning Protocol Steel Palette,Laura Flores
Frost Matrix,Rebecca Miller
Dragon Mystery,Timothy Hill
First Prophecy Cold Covenant,Karen Mitchell
Crimson Kingdom,Ronald Gibson
Midnight Tale,Betty Garcia
Wild Fortress Frozen Desert,Sandra Carter
Stone Hypothesis Cold Journey,Christopher Harvey
Lost Fable Crimson Fortress Burning Prelude,Nicole Howard
Forgotten Theorem,Margaret Coleman
The Maze Iron Fortress,Carol Richardson
Glass Compass Glass Odyssey Stone Prophecy,Shirley Reed
Wind Paradigm Phoenix Legacy,Melissa Dunn
Eternal Kingdom Bright Framework,Rebecca Murphy
Burning Workbook,Kenneth Bryant
Storm Story Wind Chronicle,Rachel Roberts
Burning Guidebook,Alexander Stewart
Shadow Sonata,John Watson
Bear Asylum Last Enigma Glass Secret,David Robertson
Steel Forest Eternal Passage,Deborah Roberts
Fire Paradox First Labyrinth,Jacob Murphy
Iron Odyssey,Dorothy Alvarez
Iron Enigma Dragon Mountain Burning Finale,Kenneth Black
Tiger Journal,Scott Walker
Wind Labyrinth Frost Memoir,Shirley Reeves
Forgotten Algorithm Cold Legacy,Joshua Gutierrez
Sacred Coast,Patricia Davis
Steel Kernel Silent Framework Steel Enigma,Laura Ross
Bitter Quest Raven Riddle Crimson Ocean,Ryan Peterson
Fire Trail,Andrew Adams
Hidden Secret A Odyssey Lost Enigma,Stephen Alexander
Sacred Riddle Eagle Algorithm,Stephen Miller
Cold Secret Wild Manuscript Burning Reckoning,Samuel Reed
Wind Convergence Bear Geometry,Linda King
Eternal Fortress Hidden Labyrinth,Susan Holmes
Fire Textbook,Barbara Castillo
Secret Revelation Deep Story,Dennis Moore
Wild Labyrinth Blood Engine,Samuel Jenkins
Sacred Inheritance Tiger Almanac Bright Fortress,Joseph Gutierrez
Forgotten Covenant,Samuel Stone
Lost Handbook,Kathleen Hernandez
Shattered Workbook,Karen Scott
Burning Secret Last Signal A Geometry,Maria Howard
A Engine Storm Fortress,Jennifer Phillips
Dark Almanac Shattered Equation The Myth,Rachel Lee
Bear Framework Silver Genesis Wild Dictionary,Karen Black
Iron River,Paul Stone
Silver System Bitter Companion,Dennis Rogers
Falling Enigma Fox Library,Ronald Walker
Hollow Passage A Expedition Stone Theory,Jerry Russell
Broken Reckoning,Jennifer Jimenez
Frost Atlas,Betty Perkins
Frost Horizon Eagle Dictionary Bear Labyrinth,George Graham
Steel Guidebook,Larry Cook
Silver Chronicles,Michelle Brown
Eagle Notebook,Kevin Evans
Wind System Wind Enigma,Ryan Powell
Raven Genesis Shadow Prelude Storm Valley,Diane Murphy
Glass Crusade,James Davis
Lost Legacy Midnight Odyssey Frozen Quest,Timothy Perkins
Crimson Enigma,Melissa Parker
